 timestamp,cpu_percent,ram_used_gb,ram_free_mb,vram_used_mb,vram_total_mb,gpu_temp_c,gpu_util_percent,gpu_enc_percent,gpu_dec_percent,power_w
2026-05-27T06:49:27.8584598+02:00
2
14,79
49450,4
1595
24564
33
2
0
0
22.82
2026-05-27T06:49:30.3182933+02:00
1
14,78
49465,6
1584
24564
33
3
0
0
22.58
2026-05-27T06:49:32.4500987+02:00
2
14,78
49467,1
1586
24564
33
1
0
0
22.42
2026-05-27T06:49:34.6005542+02:00
1
14,76
49485
1588
24564
33
4
0
0
22.84
2026-05-27T06:49:36.7518788+02:00
1
14,76
49484,6
1602
24564
33
11
0
0
23.10
2026-05-27T06:49:38.8852444+02:00
1
14,77
49473
1595
24564
33
1
0
0
23.33
2026-05-27T06:49:41.0170300+02:00
0
14,77
49474,3
1600
24564
33
0
0
0
22.70
2026-05-27T06:49:43.1699279+02:00
0
14,77
49475,1
1578
24564
33
1
0
0
22.39
2026-05-27T06:49:45.3162151+02:00
1
14,77
49478,7
1578
24564
33
0
0
0
22.33
2026-05-27T06:49:47.4528168+02:00
0
14,76
49489,3
1578
24564
33
1
0
0
22.45
2026-05-27T06:49:49.5725611+02:00
0
14,76
49486,9
1581
24564
33
0
0
0
22.26
2026-05-27T06:49:51.7085059+02:00
1
14,85
49395,3
1598
24564
33
4
0
0
22.42
2026-05-27T06:49:53.8489081+02:00
31
15,45
48782,4
1600
24564
33
0
0
0
22.31
2026-05-27T06:49:56.0083497+02:00
17
16,05
48167,6
1593
24564
33
0
0
0
22.86
2026-05-27T06:49:58.1611443+02:00
3
16
48214,8
1583
24564
33
0
0
0
21.94
2026-05-27T06:50:00.3449878+02:00
8
15,98
48235,3
1580
24564
33
1
0
0
22.05
2026-05-27T06:50:02.5293571+02:00
6
15,94
48279,5
1577
24564
33
0
0
0
21.64
2026-05-27T06:50:04.7426273+02:00
7
15,91
48305,8
1575
24564
33
0
0
0
21.89
2026-05-27T06:50:06.9431685+02:00
7
15,9
48316,2
1576
24564
33
3
0
0
21.77
2026-05-27T06:50:09.1118776+02:00
11
15,86
48358,7
1577
24564
33
0
0
0
21.69
2026-05-27T06:50:11.2983263+02:00
10
15,84
48375,1
1579
24564
33
2
0
0
22.43
2026-05-27T06:50:13.4840575+02:00
7
15,82
48404,7
1577
24564
33
0
0
0
22.11
2026-05-27T06:50:15.6693695+02:00
2
15,79
48429
1578
24564
33
3
0
0
22.07
2026-05-27T06:50:17.8714840+02:00
7
15,78
48439,5
1573
24564
33
0
0
0
22.40
2026-05-27T06:50:20.0372020+02:00
2
15,76
48457,3
1578
24564
33
0
0
0
22.56
2026-05-27T06:50:22.2313274+02:00
1
15,75
48466,4
1577
24564
33
0
0
0
22.09
2026-05-27T06:50:24.4137368+02:00
0
15,74
48479,8
2164
24564
34
2
0
100
41.49
2026-05-27T06:50:26.6158987+02:00
0
15,78
48442,3
2170
24564
35
2
0
100
84.25
2026-05-27T06:50:28.7458140+02:00
0
15,77
48446,8
2182
24564
35
2
1
100
83.08
2026-05-27T06:50:30.8960357+02:00
1
15,76
48457,6
2177
24564
35
2
1
100
82.33
2026-05-27T06:50:33.0263282+02:00
1
15,76
48460,8
2175
24564
35
2
1
100
82.56
2026-05-27T06:50:35.1598717+02:00
2
15,74
48480,5
2163
24564
35
3
1
100
82.23
2026-05-27T06:50:37.2948177+02:00
0
15,73
48492,4
2173
24564
35
3
0
100
83.25
2026-05-27T06:50:39.4279597+02:00
1
15,73
48491,8
2175
24564
36
2
0
100
82.58
2026-05-27T06:50:41.5683136+02:00
0
15,72
48499
2174
24564
36
2
0
100
83.23
2026-05-27T06:50:43.7058674+02:00
0
15,73
48496,2
2173
24564
36
3
0
100
82.93
2026-05-27T06:50:45.8398020+02:00
1
15,71
48510,2
2157
24564
36
2
0
100
82.69
2026-05-27T06:50:47.9713131+02:00
0
15,71
48509,8
2147
24564
36
2
1
100
83.19
2026-05-27T06:50:50.1208075+02:00
2
15,71
48516,2
2146
24564
36
2
0
100
83.38
2026-05-27T06:50:52.2706687+02:00
1
15,71
48514,6
2152
24564
36
2
0
100
83.45
2026-05-27T06:50:54.4053649+02:00
1
15,7
48522,8
2167
24564
36
2
0
100
82.92
2026-05-27T06:50:56.5508797+02:00
0
15,7
48522,6
2170
24564
36
2
0
100
82.95
2026-05-27T06:50:58.6831508+02:00
0
15,7
48522
2164
24564
36
2
1
100
82.44
2026-05-27T06:51:00.8164417+02:00
0
15,7
48523
2157
24564
36
2
1
100
83.66
2026-05-27T06:51:02.9618417+02:00
0
15,7
48523,6
2164
24564
36
2
1
100
82.78
2026-05-27T06:51:05.0968151+02:00
2
15,71
48515,9
2163
24564
36
2
0
100
82.00
2026-05-27T06:51:07.2440949+02:00
3
15,7
48521,4
2160
24564
36
2
0
100
82.81
2026-05-27T06:51:09.3842428+02:00
0
15,7
48520,4
2160
24564
36
2
0
100
83.03
2026-05-27T06:51:11.5138733+02:00
2
15,7
48522,9
2165
24564
37
3
0
100
83.28
2026-05-27T06:51:13.6644769+02:00
1
15,69
48528,7
2165
24564
37
2
0
100
82.69
2026-05-27T06:51:15.8037078+02:00
0
15,7
48521,2
2163
24564
37
2
0
100
83.04
2026-05-27T06:51:17.9499596+02:00
0
15,7
48522
2170
24564
37
2
0
100
82.51
2026-05-27T06:51:20.0819497+02:00
0
15,7
48522,7
2163
24564
37
2
0
100
82.84
2026-05-27T06:51:22.2204188+02:00
2
15,7
48525,1
2158
24564
37
2
0
100
81.96
2026-05-27T06:51:24.3516324+02:00
0
15,69
48537,6
2163
24564
37
2
0
100
82.44
2026-05-27T06:51:26.4995853+02:00
2
15,74
48483,6
2173
24564
37
2
0
100
82.66
2026-05-27T06:51:28.6360621+02:00
0
15,72
48505,6
2167
24564
37
2
0
100
83.12
2026-05-27T06:51:30.7832885+02:00
7
15,72
48502,8
2175
24564
37
2
0
100
82.27
2026-05-27T06:51:32.9163183+02:00
2
15,72
48500,4
2165
24564
37
2
0
100
81.91
2026-05-27T06:51:35.0516364+02:00
0
15,71
48507,7
2157
24564
37
2
1
100
82.68
2026-05-27T06:51:37.1868226+02:00
6
15,71
48508,3
2146
24564
37
2
0
100
83.01
2026-05-27T06:51:39.3323116+02:00
0
15,71
48509,5
2147
24564
37
2
1
100
83.13
2026-05-27T06:51:41.4707322+02:00
1
15,71
48507,7
2146
24564
37
2
1
100
82.65
2026-05-27T06:51:43.6061987+02:00
2
15,71
48508,9
2152
24564
37
2
0
100
83.22
2026-05-27T06:51:45.7441649+02:00
0
15,71
48508,8
2162
24564
37
2
0
100
82.29
2026-05-27T06:51:47.8892842+02:00
1
15,7
48518,3
2162
24564
38
2
0
100
82.92
2026-05-27T06:51:50.0288964+02:00
2
15,7
48518,1
2164
24564
37
2
0
100
83.24
2026-05-27T06:51:52.1949565+02:00
0
15,7
48521,7
2165
24564
37
2
0
100
83.85
2026-05-27T06:51:54.3347079+02:00
0
15,69
48532,3
2159
24564
37
2
0
100
82.77
2026-05-27T06:51:56.4729746+02:00
0
15,68
48542
2160
24564
38
2
0
100
83.77
2026-05-27T06:51:58.6125361+02:00
1
15,68
48542,6
2163
24564
38
2
0
100
83.64
2026-05-27T06:52:00.7476734+02:00
0
15,69
48536,3
2167
24564
38
2
0
100
83.56
2026-05-27T06:52:02.8807033+02:00
0
15,68
48547,8
2166
24564
38
3
0
100
83.57
2026-05-27T06:52:05.0172914+02:00
0
15,68
48544,1
2166
24564
38
2
0
100
83.18
2026-05-27T06:52:07.1556318+02:00
3
15,67
48556,9
2168
24564
38
3
0
100
83.14
2026-05-27T06:52:09.2926593+02:00
0
15,67
48552,8
2165
24564
38
2
1
100
83.18
2026-05-27T06:52:11.4317451+02:00
0
15,66
48565,2
2158
24564
38
2
0
100
83.80
2026-05-27T06:52:13.5661824+02:00
4
15,66
48561,7
2162
24564
38
2
0
100
83.20
2026-05-27T06:52:15.7146758+02:00
0
15,67
48555,6
2162
24564
38
3
0
100
83.84
2026-05-27T06:52:17.8629515+02:00
0
15,67
48553,2
2162
24564
38
2
0
100
83.02
2026-05-27T06:52:20.0045899+02:00
0
15,66
48559,4
2146
24564
38
2
0
100
83.24
2026-05-27T06:52:22.1409667+02:00
1
15,67
48552,7
2147
24564
38
2
0
100
82.93
2026-05-27T06:52:24.2893441+02:00
0
15,67
48551
2163
24564
38
2
0
100
83.19
2026-05-27T06:52:26.4256591+02:00
0
15,68
48547,9
2164
24564
38
2
0
100
83.28
2026-05-27T06:52:28.5477395+02:00
0
15,66
48567,2
2153
24564
38
2
1
100
83.24
2026-05-27T06:52:30.6915698+02:00
0
15,66
48563,9
2152
24564
38
2
0
100
82.77
2026-05-27T06:52:32.8255051+02:00
0
15,66
48566,2
2152
24564
38
2
0
100
83.06
2026-05-27T06:52:34.9741284+02:00
0
15,66
48567
2162
24564
38
3
1
100
83.30
2026-05-27T06:52:37.1054487+02:00
0
15,66
48568,6
2160
24564
38
2
0
100
83.43
2026-05-27T06:52:39.2354681+02:00
0
15,66
48565,4
2160
24564
38
3
1
100
83.36
2026-05-27T06:52:41.3695775+02:00
0
15,66
48565,8
2163
24564
38
2
0
100
83.09
2026-05-27T06:52:43.5068317+02:00
0
15,66
48561,9
2170
24564
38
3
0
100
83.22
2026-05-27T06:52:45.6518359+02:00
0
15,66
48563,4
2157
24564
38
2
0
100
82.94
2026-05-27T06:52:47.7840642+02:00
1
15,66
48559,2
2147
24564
38
4
0
100
83.59
2026-05-27T06:52:49.9346712+02:00
4
15,67
48557,9
2147
24564
38
2
0
100
82.75
2026-05-27T06:52:52.0728339+02:00
1
15,66
48561,5
2162
24564
38
2
0
100
84.02
2026-05-27T06:52:54.2112284+02:00
0
15,66
48558,8
2165
24564
38
2
0
100
82.94
2026-05-27T06:52:56.3463407+02:00
1
15,67
48557
2154
24564
38
2
0
100
83.49
2026-05-27T06:52:58.4805307+02:00
0
15,66
48560,6
2163
24564
38
2
0
100
83.28
2026-05-27T06:53:00.6164022+02:00
2
15,66
48559,6
2164
24564
38
2
0
100
83.60
2026-05-27T06:53:02.7500777+02:00
0
15,67
48554,7
2161
24564
38
2
1
100
83.16
2026-05-27T06:53:04.8869767+02:00
0
15,67
48558,4
2161
24564
38
2
0
100
83.14
2026-05-27T06:53:07.0247455+02:00
3
15,66
48559,3
2161
24564
38
2
0
100
83.14
2026-05-27T06:53:09.1592792+02:00
5
15,67
48557,6
2163
24564
38
2
1
100
82.61
2026-05-27T06:53:11.2940426+02:00
0
15,67
48556,4
2163
24564
38
3
0
100
83.17
2026-05-27T06:53:13.4333423+02:00
0
15,67
48554,3
2163
24564
38
2
0
100
82.95
2026-05-27T06:53:15.5700544+02:00
4
15,67
48554,2
2163
24564
38
3
0
100
83.68
2026-05-27T06:53:17.7192356+02:00
1
15,67
48551,4
2174
24564
38
2
0
100
82.89
2026-05-27T06:53:19.8504840+02:00
1
15,67
48552,1
2164
24564
38
2
0
100
83.48
2026-05-27T06:53:21.9929206+02:00
0
15,66
48564,1
2163
24564
39
2
0
100
84.06
2026-05-27T06:53:24.1302930+02:00
0
15,66
48561,3
2167
24564
39
2
0
100
84.16
2026-05-27T06:53:26.2640859+02:00
1
15,66
48562,4
2163
24564
39
2
1
100
83.91
2026-05-27T06:53:28.4037010+02:00
2
15,66
48559,7
2163
24564
39
2
1
100
83.95
2026-05-27T06:53:30.5532766+02:00
0
15,66
48566,2
2157
24564
39
2
1
100
83.46
2026-05-27T06:53:32.6891539+02:00
8
15,67
48557
2164
24564
39
2
1
100
82.99
2026-05-27T06:53:34.8179674+02:00
0
15,66
48562,4
2163
24564
39
3
0
100
82.46
2026-05-27T06:53:36.9603066+02:00
0
15,66
48559
2160
24564
39
1
0
100
81.63
2026-05-27T06:53:39.0890473+02:00
0
15,66
48563,2
2162
24564
39
2
1
100
82.18
2026-05-27T06:53:41.2241472+02:00
0
15,66
48560,2
2158
24564
39
1
1
100
82.10
2026-05-27T06:53:43.3592366+02:00
3
15,66
48562,4
2165
24564
39
2
0
100
82.71
2026-05-27T06:53:45.5075329+02:00
0
15,67
48555
2166
24564
39
1
1
100
82.24
2026-05-27T06:53:47.6410292+02:00
0
15,67
48556,2
2168
24564
39
2
1
100
82.60
2026-05-27T06:53:49.7763341+02:00
0
15,67
48558,4
2161
24564
39
1
0
100
82.51
2026-05-27T06:53:51.9117130+02:00
0
15,67
48553,1
2159
24564
39
1
0
100
82.74
2026-05-27T06:53:54.0466765+02:00
2
15,66
48560,2
2160
24564
39
2
0
100
82.18
2026-05-27T06:53:56.1959494+02:00
0
15,66
48561,8
2161
24564
39
2
0
100
82.69
2026-05-27T06:53:58.3286712+02:00
3
15,67
48555,4
2158
24564
39
1
0
100
82.14
2026-05-27T06:54:00.4757229+02:00
0
15,66
48558,6
2161
24564
39
2
0
100
82.50
2026-05-27T06:54:02.6074772+02:00
2
15,67
48557,1
2162
24564
39
1
0
100
81.89
2026-05-27T06:54:04.7558293+02:00
1
15,66
48564,1
2172
24564
39
1
0
100
82.26
2026-05-27T06:54:06.9031457+02:00
1
15,66
48560,3
2158
24564
39
3
0
100
82.47
2026-05-27T06:54:09.0344781+02:00
1
15,66
48561
2159
24564
39
1
1
100
82.45
2026-05-27T06:54:11.1734869+02:00
0
15,67
48557,2
2159
24564
39
2
1
100
82.34
2026-05-27T06:54:13.3168235+02:00
4
15,67
48556,9
2164
24564
39
1
1
100
81.83
2026-05-27T06:54:15.4473453+02:00
1
15,67
48555,9
2165
24564
39
3
0
100
82.70
2026-05-27T06:54:17.5835779+02:00
0
15,67
48554,1
2167
24564
39
1
0
100
82.00
2026-05-27T06:54:19.7193100+02:00
0
15,67
48557
2164
24564
39
2
0
100
82.25
2026-05-27T06:54:21.8594945+02:00
1
15,67
48556,3
2162
24564
39
1
0
100
82.39
2026-05-27T06:54:24.0078679+02:00
1
15,66
48559,1
2165
24564
39
1
0
100
82.37
2026-05-27T06:54:26.1442586+02:00
0
15,67
48550,2
2157
24564
39
1
0
100
81.63
2026-05-27T06:54:28.2803410+02:00
0
15,67
48552,7
2146
24564
39
1
1
100
82.01
2026-05-27T06:54:30.4320716+02:00
1
15,67
48554,1
2157
24564
39
1
1
100
81.41
2026-05-27T06:54:32.5658261+02:00
0
15,67
48549,9
2160
24564
39
1
1
100
81.76
2026-05-27T06:54:34.7016079+02:00
1
15,66
48564,5
2157
24564
39
1
0
100
81.82
2026-05-27T06:54:36.8338812+02:00
0
15,66
48562,9
2157
24564
39
1
0
100
82.01
2026-05-27T06:54:38.9671323+02:00
2
15,66
48559,9
2157
24564
39
2
0
100
81.82
2026-05-27T06:54:41.1010166+02:00
0
15,66
48561,4
2157
24564
39
1
0
100
81.54
2026-05-27T06:54:43.2352828+02:00
1
15,66
48560,6
2157
24564
39
2
0
100
81.58
2026-05-27T06:54:45.3703472+02:00
0
15,67
48557,4
2167
24564
39
1
0
100
81.38
2026-05-27T06:54:47.5127443+02:00
0
15,67
48557,3
2159
24564
39
2
1
100
81.68
2026-05-27T06:54:49.6447396+02:00
0
15,67
48557,8
2162
24564
39
1
1
100
81.26
2026-05-27T06:54:51.7940753+02:00
1
15,66
48559,4
2165
24564
39
2
0
100
81.77
2026-05-27T06:54:53.9304251+02:00
0
15,64
48579,7
2167
24564
39
1
0
100
82.02
2026-05-27T06:54:56.0785111+02:00
3
15,64
48579,8
2169
24564
39
1
0
100
82.42
2026-05-27T06:54:58.2232404+02:00
0
15,65
48578,7
2160
24564
39
1
0
100
81.69
2026-05-27T06:55:00.3631780+02:00
1
15,65
48572,2
2163
24564
39
1
0
100
82.30
2026-05-27T06:55:02.4996224+02:00
6
15,65
48575,7
2162
24564
39
1
0
100
81.99
2026-05-27T06:55:04.6337077+02:00
0
15,65
48573,2
2149
24564
39
1
0
100
82.13
2026-05-27T06:55:06.7710888+02:00
1
15,65
48575,1
2148
24564
39
1
0
100
81.66
2026-05-27T06:55:08.9082782+02:00
1
15,65
48574,7
2152
24564
39
2
1
100
83.25
2026-05-27T06:55:11.0474760+02:00
0
15,65
48578,4
2158
24564
39
3
0
100
83.33
2026-05-27T06:55:13.1831103+02:00
1
15,65
48576,6
1571
24564
39
0
0
0
82.12
2026-05-27T06:55:15.3299683+02:00
3
15,43
48794,2
1563
24564
37
2
0
0
39.72
2026-05-27T06:55:17.4998826+02:00
0
16,07
48140,3
1902
24564
38
0
0
0
65.89
2026-05-27T06:55:19.6546619+02:00
12
16,07
48142,5
1897
24564
38
1
0
0
65.77
2026-05-27T06:55:21.8160420+02:00
5
17,64
46532,5
1896
24564
38
0
0
0
65.71
2026-05-27T06:55:23.9828127+02:00
41
16,11
48106,8
1902
24564
37
0
0
0
34.37
2026-05-27T06:55:26.1552508+02:00
37
15,57
48659,8
1902
24564
37
1
0
0
21.21
2026-05-27T06:55:28.3035918+02:00
0
19,11
45027,8
1903
24564
37
0
0
0
21.54
2026-05-27T06:55:30.4691739+02:00
55
19,65
44480,6
1904
24564
36
0
0
0
21.40
2026-05-27T06:55:32.6308613+02:00
60
20,16
43953,4
1897
24564
36
1
0
0
21.24
2026-05-27T06:55:34.7902042+02:00
12
20,66
43438,7
1896
24564
36
0
0
0
20.84
2026-05-27T06:55:36.9350554+02:00
20
21,17
42916,8
1896
24564
36
0
0
0
20.78
2026-05-27T06:55:39.0832022+02:00
0
21,34
42749
1896
24564
36
3
0
0
20.85
2026-05-27T06:55:41.2299781+02:00
1
21,36
42731,5
1895
24564
36
0
0
0
21.32
2026-05-27T06:55:43.3818405+02:00
1
21,37
42716,9
1906
24564
36
2
0
0
21.12
2026-05-27T06:55:45.5142349+02:00
4
18,52
45635,9
1905
24564
36
0
0
0
21.41
2026-05-27T06:55:47.6837157+02:00
2
15,77
48449,6
1896
24564
36
3
0
0
21.30
2026-05-27T06:55:49.8368669+02:00
1
15,72
48506,4
1895
24564
36
1
0
0
21.23
2026-05-27T06:55:51.9922588+02:00
0
15,88
48333,5
1895
24564
36
0
0
0
21.45
2026-05-27T06:55:54.1589120+02:00
1
15,67
48551,8
1897
24564
35
0
0
0
21.27
2026-05-27T06:55:56.3059435+02:00
0
15,94
48280,5
1907
24564
35
1
0
0
21.65
2026-05-27T06:55:58.4773454+02:00
0
15,82
48401,3
1908
24564
35
0
0
0
21.68
2026-05-27T06:56:00.6480810+02:00
2
16,06
48158,6
1907
24564
35
0
0
0
20.80
2026-05-27T06:56:02.8081413+02:00
5
15,88
48342,8
1897
24564
35
0
0
0
20.70
2026-05-27T06:56:04.9647422+02:00
10
15,94
48274,9
1909
24564
35
0
0
0
21.04
2026-05-27T06:56:07.1440723+02:00
10
15,94
48279,4
1911
24564
35
4
0
0
20.89
2026-05-27T06:56:09.3569298+02:00
12
15,96
48259
1913
24564
35
0
0
0
21.00
2026-05-27T06:56:11.5219237+02:00
9
15,96
48258,9
1907
24564
35
3
0
0
20.96
2026-05-27T06:56:13.7468875+02:00
8
15,96
48258,7
1909
24564
35
0
0
0
21.34
2026-05-27T06:56:15.9352979+02:00
8
15,94
48274,8
1897
24564
35
1
0
0
21.00
2026-05-27T06:56:18.0964795+02:00
8
15,95
48261,9
1895
24564
35
0
0
0
21.22
2026-05-27T06:56:20.2727143+02:00
17
15,94
48281,8
1900
24564
35
0
0
0
21.06
2026-05-27T06:56:22.4635423+02:00
11
15,94
48281,9
1900
24564
35
1
0
0
21.23
2026-05-27T06:56:24.6718678+02:00
7
16
48214,4
1906
24564
35
0
0
0
21.82
2026-05-27T06:56:26.8598125+02:00
8
16
48213,3
1905
24564
35
3
0
0
21.67
2026-05-27T06:56:29.0797314+02:00
4
16,13
48078,1
1895
24564
34
1
0
0
21.73
2026-05-27T06:56:31.3006309+02:00
14
16
48214,9
1890
24564
34
3
0
0
22.12
2026-05-27T06:56:33.4944183+02:00
6
15,98
48240,7
1900
24564
34
0
0
0
21.56
2026-05-27T06:56:35.7053144+02:00
1
15,97
48242,7
1905
24564
34
3
0
0
22.10
2026-05-27T06:56:37.9265300+02:00
3
16,11
48104,2
1894
24564
34
0
0
0
21.85
2026-05-27T06:56:40.1625329+02:00
7
16,1
48114
1890
24564
34
0
0
0
21.86
2026-05-27T06:56:42.4037558+02:00
3
16,13
48087,2
1889
24564
34
1
0
0
21.61
2026-05-27T06:56:44.5612563+02:00
7
16,12
48090
1900
24564
34
0
0
0
21.58
2026-05-27T06:56:46.7960251+02:00
2
16,11
48102
1905
24564
34
3
0
0
21.70
2026-05-27T06:56:49.0317304+02:00
7
16,09
48118,7
1897
24564
34
0
0
0
21.79
2026-05-27T06:56:51.2704409+02:00
2
15,91
48304,1
1899
24564
34
3
0
0
21.84
2026-05-27T06:56:53.4268308+02:00
1
16,06
48154,2
1896
24564
34
0
0
0
21.81
2026-05-27T06:56:55.6449807+02:00
3
15,96
48258,1
1906
24564
34
3
0
0
22.00
2026-05-27T06:56:57.8626223+02:00
6
15,96
48255,1
1905
24564
34
1
0
0
21.78
2026-05-27T06:57:00.0413471+02:00
17
15,96
48254
1918
24564
35
0
0
0
46.93
2026-05-27T06:57:02.2492909+02:00
4
15,98
48232,5
1906
24564
35
0
0
0
67.35
2026-05-27T06:57:04.4867241+02:00
8
16,12
48095,2
1906
24564
34
0
0
0
32.05
2026-05-27T06:57:06.7362818+02:00
5
16,09
48118,3
1911
24564
34
4
0
0
22.17
2026-05-27T06:57:08.9738532+02:00
7
16,09
48118,4
1911
24564
34
0
0
0
21.68
2026-05-27T06:57:11.2114195+02:00
8
16,02
48197,2
1897
24564
34
3
0
0
21.87
2026-05-27T06:57:13.4579784+02:00
8
16,09
48126,1
1906
24564
34
0
0
0
21.86
2026-05-27T06:57:15.6371882+02:00
9
15,92
48302,3
1908
24564
34
3
0
0
22.16
2026-05-27T06:57:17.8376711+02:00
7
15,96
48261,2
1906
24564
34
0
0
0
22.02
2026-05-27T06:57:20.0300947+02:00
2
15,96
48252,9
1895
24564
34
0
0
0
22.28
2026-05-27T06:57:22.2376444+02:00
3
15,95
48266,7
1896
24564
34
0
0
0
22.19
2026-05-27T06:57:24.3919390+02:00
0
15,9
48314,3
1906
24564
34
0
0
0
22.59
2026-05-27T06:57:26.5696254+02:00
1
16,11
48105,3
1906
24564
34
0
0
0
22.51
2026-05-27T06:57:28.7612680+02:00
1
16,11
48106,3
1905
24564
34
0
0
0
22.37
2026-05-27T06:57:31.0009302+02:00
0
16,1
48108,7
1897
24564
34
3
0
0
22.20
2026-05-27T06:57:33.1986532+02:00
8
16,1
48114
1897
24564
34
1
0
0
22.41
2026-05-27T06:57:35.3588832+02:00
4
16,08
48130,5
1895
24564
34
3
0
0
22.64
2026-05-27T06:57:37.5788903+02:00
4
15,93
48282,6
1906
24564
33
0
0
0
22.66
2026-05-27T06:57:39.8027729+02:00
5
16,08
48137,8
1909
24564
33
0
0
0
22.53
2026-05-27T06:57:42.0098087+02:00
5
16,08
48138,6
1907
24564
33
0
0
0
22.17
2026-05-27T06:57:44.1661935+02:00
1
16,06
48152,3
1897
24564
33
0
0
0
22.06
2026-05-27T06:57:46.4025455+02:00
6
16,07
48146,6
1895
24564
33
1
0
0
21.88
2026-05-27T06:57:48.6359644+02:00
10
15,95
48269,4
1905
24564
33
0
0
0
21.96
2026-05-27T06:57:50.8431108+02:00
12
15,96
48255
1907
24564
33
3
0
0
22.22
2026-05-27T06:57:53.0472109+02:00
13
15,97
48245
1895
24564
33
0
0
0
22.46
2026-05-27T06:57:55.2037163+02:00
8
16,09
48127,9
1897
24564
33
3
0
0
22.51
2026-05-27T06:57:57.4264386+02:00
12
15,97
48250,8
1896
24564
33
0
0
0
22.66
2026-05-27T06:57:59.5879586+02:00
6
15,96
48253,7
1908
24564
33
21
0
0
22.80
2026-05-27T06:58:01.8016689+02:00
14
16,11
48107,3
1910
24564
33
1
0
0
22.50
2026-05-27T06:58:04.0347357+02:00
9
15,97
48247,8
1916
24564
33
0
0
0
22.24
2026-05-27T06:58:06.2584479+02:00
14
15,97
48246,1
1905
24564
33
0
0
0
22.48
2026-05-27T06:58:08.4712300+02:00
4
15,97
48247,2
1905
24564
33
0
0
0
22.98
2026-05-27T06:58:10.6414003+02:00
8
16,1
48108,5
1897
24564
33
0
0
0
22.87
2026-05-27T06:58:12.8323164+02:00
5
16,1
48110,2
1897
24564
33
0
0
0
22.25
2026-05-27T06:58:15.0084660+02:00
4
16,1
48110,5
1895
24564
33
3
0
0
22.31
2026-05-27T06:58:17.2450029+02:00
3
15,94
48271,9
1906
24564
33
0
0
0
21.98
2026-05-27T06:58:19.4325945+02:00
4
16,06
48149
1911
24564
33
3
0
0
22.14
2026-05-27T06:58:21.6381885+02:00
1
16,08
48134,5
1896
24564
33
1
0
0
22.01
2026-05-27T06:58:23.8663539+02:00
3
16,07
48147,1
1897
24564
33
0
0
0
22.21
2026-05-27T06:58:26.0536387+02:00
2
15,96
48257,5
1896
24564
33
0
0
0
21.92
2026-05-27T06:58:28.2284583+02:00
7
16,07
48145,9
1907
24564
33
1
0
0
22.59
2026-05-27T06:58:30.4679088+02:00
3
15,96
48252
1905
24564
33
0
0
0
22.58
2026-05-27T06:58:32.6426799+02:00
3
16,1
48112,9
1908
24564
33
0
0
0
22.78
2026-05-27T06:58:34.8614922+02:00
3
16,06
48152,2
1896
24564
33
3
0
0
22.60
2026-05-27T06:58:37.0180201+02:00
4
16,12
48096
1896
24564
33
0
0
0
22.76
2026-05-27T06:58:39.2427802+02:00
7
16,11
48099,3
1895
24564
33
3
0
0
22.64
2026-05-27T06:58:41.4204285+02:00
2
16,15
48058,9
1907
24564
33
0
0
0
22.26
2026-05-27T06:58:43.6618192+02:00
5
15,98
48230,8
1912
24564
33
3
0
0
22.35
2026-05-27T06:58:45.8521375+02:00
11
16,01
48202,8
1918
24564
33
0
0
0
22.57
2026-05-27T06:58:48.0380960+02:00
5
16,04
48172,6
1910
24564
33
0
0
0
22.41
2026-05-27T06:58:50.2152742+02:00
10
16,04
48174,8
1895
24564
33
0
0
0
22.69
2026-05-27T06:58:52.4406446+02:00
9
16,02
48191,3
1908
24564
33
0
0
0
22.63
2026-05-27T06:58:54.6628220+02:00
6
16,05
48168,1
1912
24564
33
0
0
0
22.61
2026-05-27T06:58:56.8447271+02:00
4
16,03
48180
1914
24564
33
1
0
0
21.90
2026-05-27T06:58:59.0821913+02:00
9
16,17
48039,7
1911
24564
33
3
0
0
22.37
2026-05-27T06:59:01.3235194+02:00
2
15,96
48252,1
1907
24564
34
0
0
0
66.39
2026-05-27T06:59:03.4675258+02:00
3
16,17
48041,6
1897
24564
33
2
0
0
40.07
2026-05-27T06:59:05.6232500+02:00
3
16,07
48146,1
1896
24564
33
0
0
0
21.06
2026-05-27T06:59:07.7769777+02:00
0
15,85
48373,3
1897
24564
33
3
0
0
21.28
2026-05-27T06:59:09.9333491+02:00
3
16,14
48070,9
1896
24564
33
0
0
0
21.06
2026-05-27T06:59:12.0712031+02:00
2
15,99
48229,2
1897
24564
33
0
0
0
21.06
2026-05-27T06:59:14.2414465+02:00
3
16,19
48016,2
1894
24564
33
0
0
0
21.46
2026-05-27T06:59:16.3877466+02:00
0
16,05
48162,1
1897
24564
33
1
0
0
21.65
2026-05-27T06:59:18.5522939+02:00
0
15,8
48419,2
1896
24564
33
0
0
0
21.42
2026-05-27T06:59:20.7101699+02:00
0
16,1
48110
1905
24564
33
0
0
0
21.30
2026-05-27T06:59:22.8561395+02:00
42
18,05
46112,4
1905
24564
33
3
0
0
21.59
2026-05-27T06:59:25.0118926+02:00
6
20,76
43339,6
1906
24564
33
0
0
0
21.95
2026-05-27T06:59:27.1685124+02:00
32
22,74
41314,9
1898
24564
33
3
0
0
22.12
2026-05-27T06:59:29.3392633+02:00
0
24,19
39826,4
1898
24564
33
1
0
0
22.58
2026-05-27T06:59:31.4952542+02:00
9
24,48
39535,3
1898
24564
33
3
0
0
21.99
2026-05-27T06:59:33.6450426+02:00
33
24,68
39323,7
1900
24564
33
0
0
0
21.92
2026-05-27T06:59:35.8032887+02:00
16
24,91
39090,6
1895
24564
33
2
0
0
22.55
2026-05-27T06:59:37.9882220+02:00
1
25,11
38889,1
1905
24564
33
0
0
0
21.96
2026-05-27T06:59:40.1539423+02:00
0
25,12
38871,7
1905
24564
33
1
0
0
22.07
2026-05-27T06:59:42.3131615+02:00
0
25,1
38893,3
1895
24564
33
0
0
0
22.17
2026-05-27T06:59:44.4763085+02:00
0
25,11
38889,3
1896
24564
33
0
0
0
22.35
2026-05-27T06:59:46.6331123+02:00
1
25,11
38889,9
1896
24564
33
0
0
0
22.29
2026-05-27T06:59:48.7809850+02:00
1
25,11
38888,9
1907
24564
33
0
0
0
22.77
2026-05-27T06:59:50.9333944+02:00
3
25,11
38891,4
1909
24564
33
3
0
0
22.84
2026-05-27T06:59:53.0882509+02:00
17
18,82
45330,2
1906
24564
33
0
0
0
22.07
2026-05-27T06:59:55.2532239+02:00
3
16,02
48199
1907
24564
33
3
0
0
22.82
2026-05-27T06:59:57.4129597+02:00
5
15,76
48464,3
1906
24564
32
0
0
0
22.17
2026-05-27T06:59:59.5712772+02:00
0
16,12
48097
1943
24564
34
3
0
0
35.77
2026-05-27T07:00:01.7323727+02:00
1
18,7
45446,6
1944
24564
34
0
0
0
65.00
2026-05-27T07:00:03.9092358+02:00
6
23,51
40522,4
1946
24564
33
0
0
0
37.03
2026-05-27T07:00:06.0989973+02:00
2
23,91
40117,1
1945
24564
33
0
0
0
22.15
2026-05-27T07:00:08.2760580+02:00
1
24,38
39635,2
1933
24564
33
0
0
0
22.29
2026-05-27T07:00:10.4233361+02:00
0
24,85
39153,8
1931
24564
33
0
0
0
21.75
2026-05-27T07:00:12.5790767+02:00
0
25,32
38669,2
1931
24564
33
0
0
0
21.68
2026-05-27T07:00:14.7313124+02:00
7
25,8
38184,9
1932
24564
33
0
0
0
22.01
2026-05-27T07:00:16.8817908+02:00
2
22,51
41546,4
1932
24564
32
0
0
0
21.63
2026-05-27T07:00:19.0407270+02:00
6
22,8
41250,3
1931
24564
32
3
0
0
21.94
2026-05-27T07:00:21.1993180+02:00
3
23,08
40965,8
1932
24564
32
1
0
0
21.92
2026-05-27T07:00:23.3563438+02:00
0
23,3
40737,5
1932
24564
32
3
0
0
22.47
2026-05-27T07:00:25.5156069+02:00
0
23,3
40735,2
1932
24564
32
0
0
0
21.97
2026-05-27T07:00:27.6717088+02:00
0
23,31
40734,7
1934
24564
32
3
0
0
22.24
2026-05-27T07:00:29.8272904+02:00
0
23,3
40738
1931
24564
32
0
0
0
21.81
2026-05-27T07:00:31.9815112+02:00
5
23,3
40737,8
1931
24564
32
0
0
0
22.41
2026-05-27T07:00:34.1390101+02:00
2
19,99
44126,2
1934
24564
32
0
0
0
22.02
2026-05-27T07:00:36.2945167+02:00
0
20,27
43843,7
1934
24564
32
0
0
0
22.67
2026-05-27T07:00:38.4469146+02:00
0
20,02
44095,9
1933
24564
32
0
0
0
22.17
2026-05-27T07:00:40.5894914+02:00
0
20,3
43809,5
1943
24564
32
0
0
0
22.67
2026-05-27T07:00:42.7568744+02:00
0
20,12
43999,4
1949
24564
32
0
0
0
22.81
2026-05-27T07:00:44.9129065+02:00
6
19,98
44136,5
1943
24564
32
0
0
0
22.39
2026-05-27T07:00:47.0584112+02:00
4
20,21
43906
1933
24564
32
3
0
0
22.65
2026-05-27T07:00:49.2066491+02:00
8
19,91
44210,4
1946
24564
32
0
0
0
22.17
2026-05-27T07:00:51.3694574+02:00
0
20,26
43857,6
1944
24564
32
3
0
0
22.14
2026-05-27T07:00:53.5288129+02:00
5
19,99
44132,7
1944
24564
32
0
0
0
22.16
2026-05-27T07:00:55.6885546+02:00
1
20,29
43819,6
1934
24564
32
4
0
0
22.12
2026-05-27T07:00:57.8399682+02:00
0
20,06
44054
1931
24564
32
0
0
0
22.17
2026-05-27T07:00:59.9890332+02:00
0
20,38
43729,8
1890
24564
33
0
0
0
54.83
2026-05-27T07:01:02.1434838+02:00
2
20,11
44002,4
1895
24564
34
0
0
0
65.56
2026-05-27T07:01:04.2993792+02:00
0
20,08
44041,6
1895
24564
33
0
0
0
36.54
2026-05-27T07:01:06.4822577+02:00
2
20,16
43951,1
1896
24564
32
0
0
0
21.09
2026-05-27T07:01:08.6497344+02:00
0
19,93
44187,8
1895
24564
32
0
0
0
21.33
2026-05-27T07:01:10.8111405+02:00
7
20,25
43867
1895
24564
32
1
0
0
21.19
2026-05-27T07:01:12.9813705+02:00
1
19,99
44132,2
1896
24564
32
0
0
0
21.58
2026-05-27T07:01:15.1209203+02:00
0
20,3
43817,1
1897
24564
32
2
0
0
22.14
2026-05-27T07:01:17.2642220+02:00
7
19,94
44178,4
1900
24564
32
0
0
0
21.65
2026-05-27T07:01:19.4232504+02:00
1
20,04
44082,4
1896
24564
32
2
0
0
22.07
2026-05-27T07:01:21.5609917+02:00
14
20,11
44009,3
1894
24564
32
0
0
0
22.07
2026-05-27T07:01:23.7350068+02:00
1
20,12
43993,4
1895
24564
32
4
0
0
22.19
2026-05-27T07:01:25.9060726+02:00
8
20,12
43998,9
1894
24564
32
0
0
0
21.52
2026-05-27T07:01:28.0635492+02:00
5
20,43
43675
1895
24564
32
0
0
0
21.75
2026-05-27T07:01:30.2144210+02:00
10
20,5
43602,7
1896
24564
32
1
0
0
21.94
2026-05-27T07:01:32.3853143+02:00
17
20,14
43980,8
1907
24564
32
0
0
0
21.84
2026-05-27T07:01:34.6209353+02:00
10
20,16
43960,3
1905
24564
32
0
0
0
22.46
2026-05-27T07:01:36.8236792+02:00
9
20,15
43969,9
1905
24564
32
0
0
0
22.60
2026-05-27T07:01:39.0581536+02:00
5
20,15
43964,4
1895
24564
32
4
0
0
22.76
2026-05-27T07:01:41.2451723+02:00
3
20,11
44008,8
1900
24564
32
0
0
0
22.72
2026-05-27T07:01:43.4459716+02:00
11
20,11
44010,2
1905
24564
32
3
0
0
22.67
2026-05-27T07:01:45.6437109+02:00
6
20,1
44015,5
1905
24564
32
0
0
0
22.34
2026-05-27T07:01:47.8386247+02:00
13
20,12
43997,9
1906
24564
32
0
0
0
22.23
2026-05-27T07:01:50.0556474+02:00
4
20,18
43936,2
1905
24564
32
0
0
0
22.31
2026-05-27T07:01:52.2760208+02:00
6
20,17
43946,8
1895
24564
32
1
0
0
22.20
2026-05-27T07:01:54.5226330+02:00
15
20,31
43801,4
1897
24564
32
0
0
0
21.96
2026-05-27T07:01:56.7058840+02:00
3
20,17
43940,5
1906
24564
32
0
0
0
22.34
2026-05-27T07:01:58.9323993+02:00
10
20,17
43943
1899
24564
32
3
0
0
22.64
2026-05-27T07:02:01.1830087+02:00
6
20,18
43933,3
1906
24564
33
0
0
0
66.43
2026-05-27T07:02:03.3720678+02:00
13
20,31
43797,6
1897
24564
33
2
0
0
42.78
2026-05-27T07:02:05.5712926+02:00
10
20,31
43797,5
1896
24564
32
1
0
0
22.06
2026-05-27T07:02:07.8110632+02:00
12
20,31
43801,3
1910
24564
32
0
0
0
22.46
2026-05-27T07:02:10.0537694+02:00
8
20,3
43814,3
1911
24564
32
0
0
0
22.53
2026-05-27T07:02:12.2335468+02:00
12
20,11
44004,5
1909
24564
32
0
0
0
22.54
2026-05-27T07:02:14.4384088+02:00
1
20,27
43845,1
1897
24564
32
1
0
0
22.35
2026-05-27T07:02:16.6168006+02:00
11
20,17
43948,1
1895
24564
32
0
0
0
22.06
2026-05-27T07:02:18.8420910+02:00
14
20,18
43940
1895
24564
32
2
0
0
22.63
2026-05-27T07:02:21.0617780+02:00
17
20,19
43924,3
1907
24564
32
0
0
0
22.67
2026-05-27T07:02:23.3005796+02:00
7
20,32
43795,7
1907
24564
32
2
0
0
22.43
2026-05-27T07:02:25.5491805+02:00
5
20,19
43923,9
1905
24564
32
0
0
0
22.55
2026-05-27T07:02:27.7441407+02:00
5
20,32
43792,6
1912
24564
32
3
0
0
22.13
2026-05-27T07:02:29.9187173+02:00
3
20,32
43788,2
1905
24564
32
0
0
0
22.43
2026-05-27T07:02:32.1672510+02:00
3
20,33
43785
1906
24564
32
0
0
0
22.90
2026-05-27T07:02:34.4161417+02:00
5
20,32
43791,4
1906
24564
32
0
0
0
22.86
2026-05-27T07:02:36.6588132+02:00
8
20,32
43789,7
1905
24564
32
0
0
0
22.70
2026-05-27T07:02:38.8992907+02:00
3
20,16
43952,4
1906
24564
32
2
0
0
22.89
2026-05-27T07:02:41.1191140+02:00
7
20,18
43931,3
1905
24564
32
0
0
0
22.61
2026-05-27T07:02:43.3094404+02:00
8
20,2
43911,4
1895
24564
32
3
0
0
22.44
2026-05-27T07:02:45.5681149+02:00
10
20,2
43910,6
1889
24564
32
0
0
0
22.72
2026-05-27T07:02:47.8095863+02:00
14
20,19
43929,4
1890
24564
32
0
0
0
23.19
2026-05-27T07:02:50.0435395+02:00
12
20,2
43912,2
1900
24564
32
0
0
0
22.65
2026-05-27T07:02:52.2993988+02:00
9
20,34
43770,2
1902
24564
32
0
0
0
22.12
2026-05-27T07:02:54.5621162+02:00
13
20,34
43769,2
1905
24564
32
0
0
0
22.44
2026-05-27T07:02:56.8280403+02:00
17
20,17
43943,9
1894
24564
32
0
0
0
22.26
2026-05-27T07:02:59.0464438+02:00
17
20,16
43956,4
1886
24564
32
3
0
0
22.84
2026-05-27T07:03:01.2323018+02:00
14
20,18
43938,7
1905
24564
33
0
0
0
66.29
2026-05-27T07:03:03.4027085+02:00
6
20,18
43930,7
1908
24564
33
1
0
0
42.29
2026-05-27T07:03:05.6206695+02:00
13
20,2
43912,6
1905
24564
32
0
0
0
22.29
2026-05-27T07:03:07.8267796+02:00
7
20,31
43798,6
1897
24564
32
0
0
0
22.50
2026-05-27T07:03:10.0594267+02:00
12
20,33
43781,1
1896
24564
32
1
0
0
22.64
2026-05-27T07:03:12.3020776+02:00
4
20,33
43777
1907
24564
32
0
0
0
22.55
2026-05-27T07:03:14.5253256+02:00
10
20,18
43932,6
1913
24564
32
0
0
0
22.69
2026-05-27T07:03:16.7428783+02:00
6
20,2
43919,3
1908
24564
32
0
0
0
22.69
2026-05-27T07:03:18.9632158+02:00
11
20,2
43913,3
1895
24564
32
3
0
0
22.84
2026-05-27T07:03:21.2149789+02:00
7
20,19
43921,9
1895
24564
32
0
0
0
23.08
2026-05-27T07:03:23.4185933+02:00
19
20,14
43971,8
1905
24564
32
3
0
0
23.07
2026-05-27T07:03:25.6101568+02:00
5
20,27
43840,3
1907
24564
32
0
0
0
23.04
2026-05-27T07:03:27.7640356+02:00
8
20,21
43904,5
1906
24564
32
3
0
0
23.33
2026-05-27T07:03:29.9491258+02:00
13
20,34
43772,5
1905
24564
32
0
0
0
22.90
2026-05-27T07:03:32.1946422+02:00
13
20,33
43779,2
1906
24564
32
0
0
0
23.12
2026-05-27T07:03:34.4341451+02:00
8
20,16
43959,6
1895
24564
32
0
0
0
22.93
2026-05-27T07:03:36.6535013+02:00
4
20,33
43777,8
1890
24564
32
0
0
0
22.88
2026-05-27T07:03:38.9033081+02:00
4
20,33
43777,3
1890
24564
32
3
0
0
23.11
2026-05-27T07:03:41.1355035+02:00
10
20,15
43964,5
1900
24564
32
0
0
0
23.03
2026-05-27T07:03:43.3071711+02:00
7
20,13
43983,7
1905
24564
32
2
0
0
23.00
2026-05-27T07:03:45.5272607+02:00
1
20,21
43906,9
1895
24564
32
0
0
0
22.81
2026-05-27T07:03:47.7777377+02:00
19
20,2
43911,3
1889
24564
32
3
0
0
23.00
2026-05-27T07:03:49.9482434+02:00
16
20,2
43913
1889
24564
32
0
0
0
22.76
2026-05-27T07:03:52.2079612+02:00
14
20,18
43930
1900
24564
32
0
0
0
22.79
2026-05-27T07:03:54.3985426+02:00
2
20,14
43978,5
1905
24564
32
1
0
0
22.94
2026-05-27T07:03:56.6048648+02:00
1
19,98
44139,3
2331
24564
33
0
0
0
48.67
2026-05-27T07:03:58.7466428+02:00
0
20,43
43679,5
2363
24564
34
5
0
0
70.06
2026-05-27T07:04:00.9110070+02:00
4
20,45
43657,3
2373
24564
34
3
0
0
68.36
2026-05-27T07:04:03.0497677+02:00
0
20,48
43632,1
2373
24564
33
7
0
0
54.79
2026-05-27T07:04:05.1989184+02:00
2
20,46
43643,5
2375
24564
33
11
0
0
25.62
2026-05-27T07:04:07.3417970+02:00
1
20,47
43634,7
2373
24564
32
27
0
0
23.48
2026-05-27T07:04:09.4890795+02:00
6
20,5
43610,7
2374
24564
32
19
0
0
23.94
2026-05-27T07:04:11.6313580+02:00
0
20,49
43619,5
2375
24564
32
16
0
0
23.83
2026-05-27T07:04:13.7671179+02:00
2
20,49
43613,2
2375
24564
32
14
0
0
23.59
2026-05-27T07:04:15.9199268+02:00
1
20,51
43597,6
2376
24564
32
22
0
0
23.66
2026-05-27T07:04:18.0781475+02:00
1
20,53
43574,3
2370
24564
32
14
0
0
23.78
2026-05-27T07:04:20.2394130+02:00
0
20,54
43562
2367
24564
32
22
0
0
23.52
2026-05-27T07:04:22.3901431+02:00
5
16,43
47773,3
2369
24564
32
18
0
0
23.64
2026-05-27T07:04:24.5475093+02:00
3
16,42
47787
2368
24564
32
27
0
0
23.74
2026-05-27T07:04:26.7057090+02:00
1
16,43
47774,3
2369
24564
32
24
0
0
24.14
2026-05-27T07:04:28.8527163+02:00
2
16,43
47771,3
2378
24564
32
18
0
0
23.82
2026-05-27T07:04:31.0081172+02:00
1
16,44
47768,7
2400
24564
32
16
0
0
23.51
2026-05-27T07:04:33.1531242+02:00
9
16,45
47750,5
2397
24564
32
14
0
0
23.25
2026-05-27T07:04:35.2914962+02:00
0
16,47
47732,8
2391
24564
32
28
0
0
23.48
2026-05-27T07:04:37.4468911+02:00
3
16,39
47813,1
2394
24564
32
13
0
0
23.36
2026-05-27T07:04:39.5906156+02:00
3
16,38
47822,4
2397
24564
32
30
0
0
24.37
2026-05-27T07:04:41.7375433+02:00
1
16,4
47807,3
2396
24564
32
21
0
0
24.14
2026-05-27T07:04:43.8967777+02:00
0
16,4
47808,6
2397
24564
32
24
0
0
23.94
2026-05-27T07:04:46.0380106+02:00
0
16,42
47784,4
2396
24564
32
14
0
0
23.52
2026-05-27T07:04:48.1866580+02:00
0
16,42
47786,5
2397
24564
32
0
0
0
23.38
2026-05-27T07:04:50.3248723+02:00
1
16,45
47750,7
2394
24564
32
1
0
0
22.14
2026-05-27T07:04:52.4516055+02:00
4
16,44
47760,3
2384
24564
32
0
0
0
22.93
2026-05-27T07:04:54.5860326+02:00
12
16,77
47422,5
2383
24564
32
0
0
0
22.80
2026-05-27T07:04:56.7902797+02:00
17
16,78
47412,7
2384
24564
32
0
0
0
22.69
2026-05-27T07:04:58.9972540+02:00
37
16,79
47409,5
2377
24564
32
3
0
0
23.05
2026-05-27T07:05:01.1994953+02:00
15
16,77
47426,4
2382
24564
34
0
0
0
67.41
2026-05-27T07:05:03.3938302+02:00
26
16,77
47423,6
2383
24564
33
0
0
0
41.55
2026-05-27T07:05:05.5809137+02:00
16
16,78
47420,2
2384
24564
32
0
0
0
21.92
2026-05-27T07:05:07.7870839+02:00
19
16,72
47482,8
2383
24564
32
3
0
0
22.14
2026-05-27T07:05:09.9455517+02:00
20
16,72
47476,2
2383
24564
32
0
0
0
21.49
2026-05-27T07:05:12.1624482+02:00
20
16,72
47476,4
2383
24564
32
0
0
0
22.08
2026-05-27T07:05:14.3634454+02:00
12
16,73
47471,2
2383
24564
32
1
0
0
21.74
2026-05-27T07:05:16.5685590+02:00
12
16,73
47472,6
2383
24564
32
0
0
0
22.04
2026-05-27T07:05:18.7665991+02:00
28
16,72
47478,5
2381
24564
32
1
0
0
21.77
2026-05-27T07:05:20.9515126+02:00
26
16,73
47466,4
2381
24564
32
0
0
0
22.00
2026-05-27T07:05:23.1299054+02:00
24
16,72
47473,4
2381
24564
32
3
0
0
21.94
2026-05-27T07:05:25.3072051+02:00
27
16,73
47464,8
2381
24564
32
0
0
0
22.34
2026-05-27T07:05:27.4609787+02:00
23
16,73
47468,4
2376
24564
32
4
0
0
22.33
2026-05-27T07:05:29.6675273+02:00
25
16,73
47464,8
2376
24564
32
0
0
0
22.45
2026-05-27T07:05:31.8872399+02:00
27
16,73
47468,4
2382
24564
32
0
0
0
22.37
2026-05-27T07:05:34.0948153+02:00
18
16,74
47462,6
2381
24564
32
0
0
0
22.55
2026-05-27T07:05:36.3091484+02:00
18
16,74
47458,8
2382
24564
32
1
0
0
22.73
2026-05-27T07:05:38.5052611+02:00
18
16,74
47460,3
2382
24564
32
0
0
0
22.41
2026-05-27T07:05:40.6878757+02:00
14
16,74
47458,1
2382
24564
32
0
0
0
21.92
2026-05-27T07:05:42.8916469+02:00
32
16,74
47455,2
2382
24564
32
3
0
0
22.12
2026-05-27T07:05:45.1053084+02:00
32
16,74
47459,9
2382
24564
32
0
0
0
21.77
2026-05-27T07:05:47.2838961+02:00
18
16,74
47453,1
2382
24564
32
3
0
0
22.02
2026-05-27T07:05:49.4750875+02:00
19
16,74
47453,2
2383
24564
32
0
0
0
21.80
2026-05-27T07:05:51.6749178+02:00
15
16,74
47461,2
2381
24564
32
4
0
0
22.16
2026-05-27T07:05:53.8444972+02:00
32
16,75
47452,4
2381
24564
32
0
0
0
22.06
2026-05-27T07:05:56.0374682+02:00
16
16,75
47448,4
2383
24564
32
0
0
0
22.08
2026-05-27T07:05:58.2483521+02:00
15
16,74
47454,7
2383
24564
32
1
0
0
22.23
2026-05-27T07:06:00.4106987+02:00
21
16,76
47439,5
2385
24564
32
0
0
0
21.95
2026-05-27T07:06:02.6457705+02:00
17
16,77
47430
2384
24564
32
0
0
0
22.34
2026-05-27T07:06:04.8794154+02:00
20
16,77
47426,5
2384
24564
32
0
0
0
21.90
2026-05-27T07:06:07.0642404+02:00
24
16,74
47454,7
2383
24564
32
3
0
0
22.10
2026-05-27T07:06:09.2715480+02:00
20
16,75
47445,5
2383
24564
32
0
0
0
22.14
2026-05-27T07:06:11.4887945+02:00
7
16,77
47431,8
2382
24564
32
3
0
0
22.40
2026-05-27T07:06:13.7038339+02:00
13
16,75
47447,1
2382
24564
32
1
0
0
23.43
2026-05-27T07:06:15.9152132+02:00
22
16,75
47446,9
2384
24564
32
0
0
0
22.86
2026-05-27T07:06:18.1229431+02:00
22
16,73
47467,6
2385
24564
32
0
0
0
22.52
2026-05-27T07:06:20.3286173+02:00
26
16,73
47465,8
2384
24564
32
0
0
0
22.57
2026-05-27T07:06:22.5377238+02:00
26
16,74
47455,1
2382
24564
32
1
0
0
22.26
2026-05-27T07:06:24.7422665+02:00
15
16,74
47453,1
2383
24564
32
0
0
0
22.27
2026-05-27T07:06:26.9532120+02:00
20
16,74
47455,7
2383
24564
32
3
0
0
22.42
2026-05-27T07:06:29.1228494+02:00
23
16,74
47462,5
2383
24564
32
1
0
0
22.50
2026-05-27T07:06:31.3342866+02:00
23
16,74
47460,2
2383
24564
32
3
0
0
22.99
2026-05-27T07:06:33.5452971+02:00
17
16,74
47459
2377
24564
32
0
0
0
22.29
2026-05-27T07:06:35.7627257+02:00
16
16,74
47455,1
2377
24564
32
3
0
0
22.62
2026-05-27T07:06:38.0008044+02:00
15
16,75
47448,4
2383
24564
32
0
0
0
22.35
2026-05-27T07:06:40.1996954+02:00
25
16,76
47434,8
2384
24564
32
0
0
0
22.24
2026-05-27T07:06:42.4116053+02:00
23
16,75
47451,2
2384
24564
32
0
0
0
22.00
2026-05-27T07:06:44.6135983+02:00
14
16,75
47446,3
2384
24564
32
1
0
0
22.54
2026-05-27T07:06:46.8393433+02:00
20
16,75
47452,5
2385
24564
32
0
0
0
21.95
2026-05-27T07:06:49.0305028+02:00
19
16,75
47448,1
2383
24564
32
0
0
0
21.89
2026-05-27T07:06:51.2036240+02:00
37
16,77
47426,8
2384
24564
32
3
0
0
21.90
2026-05-27T07:06:53.4083273+02:00
8
16,75
47443,9
2383
24564
32
0
0
0
22.53
2026-05-27T07:06:55.5764439+02:00
26
16,76
47441,8
2384
24564
32
2
0
0
22.60
2026-05-27T07:06:57.8090917+02:00
24
16,75
47442,5
2383
24564
32
0
0
0
22.34
2026-05-27T07:07:00.0105701+02:00
25
16,76
47438,1
2388
24564
32
0
0
0
22.36
2026-05-27T07:07:02.2206677+02:00
20
16,77
47427,5
2388
24564
32
1
0
0
21.75
2026-05-27T07:07:04.4291028+02:00
24
16,77
47431,3
2388
24564
32
0
0
0
21.70
2026-05-27T07:07:06.6351009+02:00
20
16,77
47431,6
2388
24564
32
0
0
0
21.96
2026-05-27T07:07:08.8360620+02:00
19
16,75
47443,7
2388
24564
32
0
0
0
22.31
2026-05-27T07:07:11.0368622+02:00
10
16,76
47434,3
2386
24564
32
3
0
0
22.81
2026-05-27T07:07:13.2231775+02:00
12
16,77
47425,2
2385
24564
32
0
0
0
22.18
2026-05-27T07:07:15.4228031+02:00
15
16,76
47436,7
2383
24564
32
3
0
0
22.50
2026-05-27T07:07:17.5960513+02:00
21
16,76
47436
2382
24564
32
0
0
0
21.60
2026-05-27T07:07:19.7830842+02:00
33
16,77
47424,6
2384
24564
32
2
0
0
22.40
2026-05-27T07:07:21.9866220+02:00
11
16,77
47427,5
2384
24564
32
0
0
0
22.04
2026-05-27T07:07:24.1936624+02:00
16
16,77
47424,2
2384
24564
32
1
0
0
22.70
2026-05-27T07:07:26.4109654+02:00
26
16,78
47418,5
2384
24564
32
0
0
0
22.38
2026-05-27T07:07:28.5888449+02:00
20
16,78
47420,6
2384
24564
32
0
0
0
22.77
2026-05-27T07:07:30.7789671+02:00
28
16,78
47421,4
2383
24564
32
0
0
0
22.82
2026-05-27T07:07:32.9669736+02:00
23
16,79
47406,9
2383
24564
32
0
0
0
23.11
2026-05-27T07:07:35.1679681+02:00
28
16,78
47419,1
2384
24564
32
3
0
0
23.15
2026-05-27T07:07:37.3617940+02:00
11
16,8
47401,2
2384
24564
32
0
0
0
22.53
2026-05-27T07:07:39.5814631+02:00
14
16,78
47414,1
2384
24564
32
2
0
0
22.54
2026-05-27T07:07:41.7814291+02:00
26
16,78
47417,5
2384
24564
32
0
0
0
22.55
2026-05-27T07:07:43.9567149+02:00
26
16,79
47402,4
2384
24564
32
0
0
0
22.04
2026-05-27T07:07:46.1521811+02:00
17
16,79
47406,1
2384
24564
32
1
0
0
22.85
2026-05-27T07:07:48.3606317+02:00
23
16,79
47409,8
2384
24564
32
0
0
0
23.24
2026-05-27T07:07:50.5752310+02:00
29
16,8
47400
2383
24564
32
0
0
0
23.12
2026-05-27T07:07:52.7649266+02:00
23
16,79
47401,4
2384
24564
32
1
0
0
22.62
2026-05-27T07:07:54.9351344+02:00
26
16,79
47403
2383
24564
32
2
0
0
22.76
2026-05-27T07:07:57.1274784+02:00
26
16,8
47401,1
2382
24564
32
0
0
0
22.61
2026-05-27T07:07:59.3203404+02:00
31
16,79
47402,3
2383
24564
32
3
0
0
22.71
2026-05-27T07:08:01.5144344+02:00
48
16,86
47331,9
2383
24564
32
1
0
0
22.02
2026-05-27T07:08:03.7005003+02:00
34
16,83
47370
2382
24564
32
2
0
0
22.27
2026-05-27T07:08:05.9091618+02:00
17
16,82
47374,4
2382
24564
32
0
0
0
22.67
2026-05-27T07:08:08.1181143+02:00
23
16,83
47369,4
2382
24564
32
1
0
0
23.17
2026-05-27T07:08:10.2968959+02:00
23
16,81
47381,5
2381
24564
32
0
0
0
22.76
2026-05-27T07:08:12.4954111+02:00
28
16,81
47385,6
2383
24564
32
0
0
0
22.79
2026-05-27T07:08:14.6897298+02:00
28
16,82
47376,4
2383
24564
32
1
0
0
22.15
2026-05-27T07:08:16.8935275+02:00
20
16,8
47391,5
2383
24564
32
0
0
0
22.26
2026-05-27T07:08:19.0881605+02:00
22
16,82
47376,7
2383
24564
32
3
0
0
22.80
2026-05-27T07:08:21.2662527+02:00
19
16,84
47357,4
2383
24564
32
0
0
0
22.15
2026-05-27T07:08:23.4552944+02:00
18
16,82
47376,8
2383
24564
32
3
0
0
22.33
2026-05-27T07:08:25.6524191+02:00
21
16,83
47365,8
2383
24564
32
0
0
0
22.30
2026-05-27T07:08:27.8566822+02:00
19
16,83
47369,3
2383
24564
32
2
0
0
22.42
2026-05-27T07:08:30.0440789+02:00
22
16,49
47712
2383
24564
32
0
0
0
23.13
2026-05-27T07:08:32.1859218+02:00
17
16,78
47418,3
2383
24564
32
0
0
0
22.90
2026-05-27T07:08:34.4218317+02:00
14
16,78
47418,6
2381
24564
32
0
0
0
22.56
2026-05-27T07:08:36.6175699+02:00
24
16,78
47416,5
2382
24564
32
1
0
0
22.67
2026-05-27T07:08:38.8367922+02:00
18
16,78
47418,6
2382
24564
32
3
0
0
22.46
2026-05-27T07:08:41.0539744+02:00
17
16,79
47407,1
2382
24564
32
0
0
0
22.77
2026-05-27T07:08:43.2633430+02:00
22
16,79
47410,6
2383
24564
32
2
0
0
22.76
2026-05-27T07:08:45.4667197+02:00
23
16,78
47413,4
2382
24564
32
0
0
0
22.60
2026-05-27T07:08:47.6754717+02:00
18
16,8
47400,6
2382
24564
32
3
0
0
23.32
2026-05-27T07:08:49.8870893+02:00
14
16,79
47404,6
2376
24564
32
0
0
0
22.84
2026-05-27T07:08:52.0799361+02:00
17
16,79
47402,1
2381
24564
32
0
0
0
22.53
2026-05-27T07:08:54.2737009+02:00
26
16,79
47406,2
2382
24564
32
1
0
0
22.66
2026-05-27T07:08:56.4676431+02:00
29
16,79
47404,7
2383
24564
32
0
0
0
22.96
2026-05-27T07:08:58.6598077+02:00
26
16,81
47389
2383
24564
32
0
0
0
22.66
2026-05-27T07:09:00.8476267+02:00
21
16,81
47388,3
2385
24564
32
0
0
0
22.11
2026-05-27T07:09:03.0729607+02:00
19
16,79
47407
2383
24564
32
3
0
0
22.10
2026-05-27T07:09:05.2786611+02:00
32
16,79
47408,7
2385
24564
32
0
0
0
22.33
2026-05-27T07:09:07.4757936+02:00
39
16,79
47411
2383
24564
32
3
0
0
22.35
2026-05-27T07:09:09.6488688+02:00
17
16,78
47414,6
2382
24564
32
1
0
0
22.19
2026-05-27T07:09:11.8504404+02:00
20
16,79
47403
2382
24564
32
3
0
0
22.27
2026-05-27T07:09:14.0445428+02:00
29
16,79
47406,5
2382
24564
32
0
0
0
21.71
2026-05-27T07:09:16.2672271+02:00
17
16,79
47406,5
2382
24564
32
0
0
0
22.22
2026-05-27T07:09:18.4877275+02:00
26
16,79
47406,7
2382
24564
32
1
0
0
22.57
2026-05-27T07:09:20.6992362+02:00
36
16,8
47393,7
2383
24564
32
0
0
0
22.09
2026-05-27T07:09:22.9084401+02:00
21
16,8
47397,6
2382
24564
32
3
0
0
21.59
2026-05-27T07:09:25.1021271+02:00
42
16,8
47400,4
2383
24564
32
0
0
0
22.02
2026-05-27T07:09:27.3050254+02:00
31
16,8
47394,6
2383
24564
32
3
0
0
21.82
2026-05-27T07:09:29.5104898+02:00
13
16,8
47396,4
2383
24564
32
0
0
0
21.86
2026-05-27T07:09:31.6997284+02:00
21
16,78
47414,8
2383
24564
32
4
0
0
22.03
2026-05-27T07:09:33.9191006+02:00
23
16,76
47435,3
2383
24564
32
0
0
0
22.14
2026-05-27T07:09:36.1567996+02:00
34
16,76
47433,2
2383
24564
32
0
0
0
21.88
2026-05-27T07:09:38.3762755+02:00
17
16,76
47436,3
2383
24564
32
0
0
0
22.09
2026-05-27T07:09:40.6080200+02:00
19
16,76
47435,1
2383
24564
32
0
0
0
22.15
2026-05-27T07:09:42.8225340+02:00
24
16,77
47426
2383
24564
32
0
0
0
22.04
2026-05-27T07:09:45.0359430+02:00
14
16,77
47424,9
2383
24564
32
0
0
0
21.74
2026-05-27T07:09:47.2388794+02:00
21
16,77
47428,2
2381
24564
32
3
0
0
21.57
2026-05-27T07:09:49.4454161+02:00
16
16,77
47428,1
2376
24564
32
0
0
0
22.01
2026-05-27T07:09:51.6480032+02:00
18
16,78
47419,1
2376
24564
32
4
0
0
22.03
2026-05-27T07:09:53.8527876+02:00
14
16,78
47420,3
2381
24564
32
0
0
0
22.23
2026-05-27T07:09:56.0652339+02:00
23
16,77
47423,8
2382
24564
32
0
0
0
22.17
2026-05-27T07:09:58.2680959+02:00
24
16,77
47427
2381
24564
32
0
0
0
22.24
2026-05-27T07:10:00.4793224+02:00
29
16,78
47413
2383
24564
32
0
0
0
22.46
2026-05-27T07:10:02.6896966+02:00
20
16,79
47409,1
2384
24564
32
0
0
0
22.28
2026-05-27T07:10:04.8922400+02:00
18
16,8
47397,8
2384
24564
32
0
0
0
22.10
2026-05-27T07:10:07.0895207+02:00
23
16,78
47415,7
2384
24564
32
4
0
0
22.54
2026-05-27T07:10:09.2969719+02:00
35
16,78
47416,1
2384
24564
32
0
0
0
22.24
2026-05-27T07:10:11.5001001+02:00
32
16,78
47419,7
2383
24564
32
3
0
0
22.67
2026-05-27T07:10:13.6880511+02:00
23
16,79
47410,2
2382
24564
32
1
0
0
22.35
2026-05-27T07:10:15.8948265+02:00
35
16,78
47413,3
2388
24564
32
0
0
0
22.50
2026-05-27T07:10:18.0968367+02:00
26
16,78
47412,1
2384
24564
32
0
0
0
22.60
2026-05-27T07:10:20.2968108+02:00
22
16,78
47411,8
2384
24564
32
0
0
0
22.62
2026-05-27T07:10:22.5049718+02:00
25
16,79
47408
2382
24564
32
0
0
0
22.40
2026-05-27T07:10:24.7073791+02:00
23
16,8
47400
2382
24564
32
0
0
0
22.39
2026-05-27T07:10:26.9135662+02:00
22
16,79
47407,1
2383
24564
32
3
0
0
22.45
2026-05-27T07:10:29.1351366+02:00
28
16,79
47403,2
2388
24564
32
1
0
0
22.50
2026-05-27T07:10:31.3669345+02:00
18
16,79
47404,7
2383
24564
32
3
0
0
22.87
2026-05-27T07:10:33.5635779+02:00
18
16,78
47414,5
2382
24564
32
0
0
0
22.36
2026-05-27T07:10:35.7569430+02:00
20
16,8
47398,6
2377
24564
32
3
0
0
22.21
2026-05-27T07:10:37.9632331+02:00
25
16,8
47400,8
2382
24564
32
1
0
0
21.86
2026-05-27T07:10:40.1680754+02:00
9
16,8
47395,2
2384
24564
32
0
0
0
21.95
2026-05-27T07:10:42.3312467+02:00
14
16,8
47393
2383
24564
32
0
0
0
22.41
2026-05-27T07:10:44.5147451+02:00
31
16,8
47392,9
2383
24564
32
1
0
0
22.26
2026-05-27T07:10:46.7148320+02:00
32
16,81
47386,3
2384
24564
32
0
0
0
22.35
2026-05-27T07:10:48.8844071+02:00
31
16,81
47388,4
2383
24564
32
0
0
0
22.26
2026-05-27T07:10:51.0739350+02:00
19
16,81
47383,4
2383
24564
32
2
0
0
22.56
2026-05-27T07:10:53.2608661+02:00
20
16,81
47391,1
2383
24564
32
0
0
0
22.14
2026-05-27T07:10:55.4794156+02:00
19
16,8
47392,4
2384
24564
32
2
0
0
22.08
2026-05-27T07:10:57.6506426+02:00
39
16,8
47393,5
2384
24564
32
0
0
0
22.27
2026-05-27T07:10:59.8559468+02:00
35
16,92
47277,9
2384
24564
32
20
0
0
22.55
2026-05-27T07:11:02.0300942+02:00
39
16,93
47259,6
2383
24564
32
0
0
0
21.81
2026-05-27T07:11:04.2275656+02:00
24
16,93
47266,8
2381
24564
32
0
0
0
21.39
2026-05-27T07:11:06.4524985+02:00
20
16,93
47268,2
2381
24564
32
0
0
0
21.41
2026-05-27T07:11:08.6655772+02:00
22
16,94
47251,4
2383
24564
32
1
0
0
21.59
2026-05-27T07:11:10.8617311+02:00
26
16,94
47253,4
2383
24564
32
0
0
0
21.89
2026-05-27T07:11:13.0684771+02:00
18
16,92
47276
2383
24564
32
0
0
0
21.61
2026-05-27T07:11:15.2524088+02:00
26
16,92
47275,8
2383
24564
32
4
0
0
22.35
2026-05-27T07:11:17.4598530+02:00
43
16,91
47280,8
2383
24564
32
0
0
0
21.74
2026-05-27T07:11:19.6732846+02:00
31
16,92
47270,5
2382
24564
32
1
0
0
21.91
2026-05-27T07:11:21.8757487+02:00
20
16,92
47270
2382
24564
32
0
0
0
21.98
2026-05-27T07:11:24.0631443+02:00
24
16,92
47271,2
2383
24564
32
0
0
0
22.16
2026-05-27T07:11:26.2470805+02:00
33
16,92
47270,3
2383
24564
32
0
0
0
22.12
2026-05-27T07:11:28.4231354+02:00
31
16,93
47267,4
2382
24564
32
1
0
0
21.72
2026-05-27T07:11:30.6441315+02:00
23
16,9
47296,9
2384
24564
32
0
0
0
21.46
2026-05-27T07:11:32.8313688+02:00
19
16,91
47288,6
2384
24564
32
0
0
0
22.35
2026-05-27T07:11:35.0385861+02:00
30
16,9
47296,5
2383
24564
32
2
0
0
21.87
2026-05-27T07:11:37.2287218+02:00
25
16,9
47297
2383
24564
32
0
0
0
21.77
2026-05-27T07:11:39.4323527+02:00
34
16,89
47301
2387
24564
32
1
0
0
22.06
2026-05-27T07:11:41.6208037+02:00
30
16,9
47297,7
2383
24564
32
0
0
0
22.07
2026-05-27T07:11:43.8420945+02:00
33
16,9
47293,4
2383
24564
32
2
0
0
22.08
2026-05-27T07:11:46.0453439+02:00
25
16,9
47291,4
2383
24564
32
0
0
0
22.39
2026-05-27T07:11:48.2385155+02:00
13
16,89
47303
2383
24564
32
0
0
0
22.51
2026-05-27T07:11:50.4472359+02:00
35
16,88
47310,4
2383
24564
32
0
0
0
22.84
2026-05-27T07:11:52.6672060+02:00
6
16,57
47629,9
2384
24564
32
0
0
0
22.28
2026-05-27T07:11:54.8243589+02:00
0
16,71
47491,1
2379
24564
32
0
0
0
22.69
2026-05-27T07:11:56.9659046+02:00
4
17,01
47177,4
2389
24564
32
0
0
0
22.66
2026-05-27T07:11:59.0966758+02:00
1
16,68
47523,7
2391
24564
32
4
0
0
22.67
2026-05-27T07:12:01.2473877+02:00
0
17,1
47093,2
2384
24564
32
0
0
0
21.90
2026-05-27T07:12:03.4066665+02:00
6
16,77
47426,5
2384
24564
32
2
0
0
22.33
2026-05-27T07:12:05.5603965+02:00
3
17,04
47155
2385
24564
32
1
0
0
22.57
2026-05-27T07:12:07.7139354+02:00
2
16,64
47562,1
2398
24564
32
1
0
0
22.85
2026-05-27T07:12:09.8681371+02:00
0
16,63
47573,2
2395
24564
32
0
0
0
22.33
2026-05-27T07:12:12.0121355+02:00
0
16,62
47577
2384
24564
32
0
0
0
22.84
2026-05-27T07:12:14.1656220+02:00
0
16,63
47569,8
2383
24564
32
0
0
0
22.36
2026-05-27T07:12:16.3389043+02:00
0
16,63
47567,5
2383
24564
32
0
0
0
21.96
2026-05-27T07:12:18.5101107+02:00
1
16,63
47573,7
2385
24564
32
0
0
0
22.70
2026-05-27T07:12:20.6417519+02:00
1
16,88
47310,6
2395
24564
32
0
0
0
22.14
2026-05-27T07:12:22.7875553+02:00
0
17,11
47083,3
2401
24564
32
0
0
0
21.93
2026-05-27T07:12:24.9457077+02:00
23
16,84
47356,5
2385
24564
33
0
0
0
67.51
2026-05-27T07:12:27.0998352+02:00
3
16,84
47356,9
2390
24564
33
0
0
0
67.82
2026-05-27T07:12:29.2460889+02:00
5
16,85
47349,7
2388
24564
33
0
0
0
67.13
2026-05-27T07:12:31.4200471+02:00
4
16,79
47410,8
2387
24564
32
2
0
0
35.03
2026-05-27T07:12:33.6109308+02:00
7
16,78
47419,1
2385
24564
32
0
0
0
22.93
2026-05-27T07:12:35.7984258+02:00
2
16,79
47410,4
2384
24564
32
2
0
0
22.87
2026-05-27T07:12:37.9956927+02:00
12
16,79
47407,8
2382
24564
32
0
0
0
22.95
2026-05-27T07:12:40.1746252+02:00
4
16,79
47405,6
2383
24564
32
0
0
0
22.62
2026-05-27T07:12:42.3481548+02:00
2
16,79
47408,2
2386
24564
32
0
0
0
22.07
2026-05-27T07:12:44.5347059+02:00
3
16,79
47406,7
2388
24564
32
1
0
0
22.37
2026-05-27T07:12:46.7246217+02:00
4
16,8
47399,3
2385
24564
32
0
0
0
22.60
2026-05-27T07:12:48.9014439+02:00
2
16,79
47403,4
2387
24564
32
0
0
0
22.77
2026-05-27T07:12:51.0763024+02:00
3
16,79
47401,8
2385
24564
32
3
0
0
22.73
2026-05-27T07:12:53.2528408+02:00
0
16,8
47401,3
2386
24564
32
1
0
0
22.38
2026-05-27T07:12:55.4293305+02:00
6
16,8
47401,2
2383
24564
32
2
0
0
22.48
2026-05-27T07:12:57.6072760+02:00
6
16,8
47398
2385
24564
32
0
0
0
22.39
2026-05-27T07:12:59.7866150+02:00
8
16,8
47392,5
2385
24564
33
1
0
0
38.90
2026-05-27T07:13:01.9773751+02:00
4
16,81
47389,3
2384
24564
33
0
0
0
66.21
2026-05-27T07:13:04.1360237+02:00
7
16,8
47391,7
2383
24564
32
0
0
0
35.92
2026-05-27T07:13:06.3301417+02:00
1
16,8
47396,2
2382
24564
32
1
0
0
21.74
2026-05-27T07:13:08.5088968+02:00
2
16,8
47396,3
2383
24564
32
0
0
0
21.88
2026-05-27T07:13:10.6948197+02:00
0
16,8
47391,8
2385
24564
32
0
0
0
21.76
2026-05-27T07:13:12.8755449+02:00
0
16,81
47389,1
2385
24564
32
0
0
0
21.52
2026-05-27T07:13:15.0670393+02:00
2
16,81
47387,3
2384
24564
32
4
0
0
21.44
2026-05-27T07:13:17.2595334+02:00
7
16,81
47389,8
2384
24564
32
0
0
0
21.07
2026-05-27T07:13:19.4396189+02:00
2
16,8
47393,5
2388
24564
32
2
0
0
21.33
2026-05-27T07:13:21.6249791+02:00
4
16,81
47389,6
2386
24564
32
0
0
0
21.54
2026-05-27T07:13:23.8097965+02:00
11
16,81
47383,6
2386
24564
32
2
0
0
21.19
2026-05-27T07:13:25.9980330+02:00
6
16,81
47383,2
2385
24564
32
0
0
0
21.37
2026-05-27T07:13:28.1873973+02:00
5
16,8
47398,7
2383
24564
32
0
0
0
21.89
2026-05-27T07:13:30.3883665+02:00
7
16,81
47383,6
2384
24564
32
0
0
0
21.48
2026-05-27T07:13:32.5622182+02:00
1
16,8
47395,3
2387
24564
32
0
0
0
21.58
2026-05-27T07:13:34.7304708+02:00
2
16,81
47387,6
2386
24564
32
0
0
0
21.72
2026-05-27T07:13:36.9010102+02:00
9
16,81
47389
2385
24564
32
1
0
0
21.97
2026-05-27T07:13:39.0903634+02:00
10
16,81
47388,1
2382
24564
32
3
0
0
21.75
2026-05-27T07:13:41.2811395+02:00
14
16,81
47384,2
2383
24564
32
0
0
0
21.85
2026-05-27T07:13:43.4876723+02:00
4
16,81
47382,6
2384
24564
32
2
0
0
21.80
2026-05-27T07:13:45.6608466+02:00
2
16,81
47381,4
2379
24564
32
0
0
0
21.37
2026-05-27T07:13:47.8451402+02:00
7
16,82
47378,4
2385
24564
32
3
0
0
21.40
2026-05-27T07:13:50.0045896+02:00
1
16,81
47382,1
2384
24564
32
0
0
0
22.18
2026-05-27T07:13:52.1935896+02:00
0
16,82
47379,4
2384
24564
32
1
0
0
21.75
2026-05-27T07:13:54.3823106+02:00
4
16,81
47382,6
2387
24564
32
0
0
0
21.29
2026-05-27T07:13:56.5659555+02:00
8
16,81
47382,8
2385
24564
32
0
0
0
21.59
2026-05-27T07:13:58.7587148+02:00
7
16,81
47381,6
2385
24564
32
0
0
0
21.37
2026-05-27T07:14:00.9145397+02:00
7
16,82
47375,8
2386
24564
33
0
0
0
65.50
2026-05-27T07:14:03.0838244+02:00
2
16,81
47380,9
2385
24564
32
0
0
0
54.90
2026-05-27T07:14:05.2748897+02:00
3
16,8
47395,7
2384
24564
32
0
0
0
27.72
2026-05-27T07:14:07.4731520+02:00
1
16,8
47395,8
2385
24564
32
3
0
0
21.48
2026-05-27T07:14:09.6581312+02:00
1
16,8
47391,2
2384
24564
32
0
0
0
21.50
2026-05-27T07:14:11.8285267+02:00
12
16,8
47396,9
2385
24564
32
3
0
0
21.50
2026-05-27T07:14:14.0146967+02:00
6
16,81
47389
2385
24564
32
1
0
0
21.44
2026-05-27T07:14:16.2066527+02:00
4
16,81
47389,3
2385
24564
32
0
0
0
21.64
2026-05-27T07:14:18.3875610+02:00
5
16,81
47389,5
2384
24564
32
0
0
0
22.28
2026-05-27T07:14:20.5574485+02:00
2
16,8
47394
2386
24564
32
0
0
0
21.67
2026-05-27T07:14:22.7492784+02:00
2
16,81
47387,3
2386
24564
32
0
0
0
22.13
2026-05-27T07:14:24.9541312+02:00
4
16,81
47390,9
2386
24564
32
0
0
0
22.34
2026-05-27T07:14:27.1245972+02:00
7
16,82
47376,1
2385
24564
32
2
0
0
21.82
2026-05-27T07:14:29.2995280+02:00
3
16,82
47373,9
2385
24564
32
1
0
0
21.80
2026-05-27T07:14:31.4898993+02:00
3
16,81
47389
2386
24564
32
2
0
0
21.89
2026-05-27T07:14:33.6756483+02:00
0
16,81
47387,2
2385
24564
32
0
0
0
22.44
2026-05-27T07:14:35.8788435+02:00
4
16,82
47380,6
2385
24564
32
0
0
0
22.16
2026-05-27T07:14:38.0962798+02:00
2
16,81
47382,4
2384
24564
32
0
0
0
21.58
2026-05-27T07:14:40.2882999+02:00
5
16,81
47384,3
2385
24564
32
0
0
0
21.95
2026-05-27T07:14:42.4831804+02:00
14
16,81
47383,7
2384
24564
32
0
0
0
21.88
2026-05-27T07:14:44.6748958+02:00
7
16,81
47382,2
2386
24564
32
0
0
0
22.09
2026-05-27T07:14:46.8496962+02:00
4
16,82
47380,5
2386
24564
32
0
0
0
21.85
2026-05-27T07:14:49.0380779+02:00
5
16,82
47379,2
2387
24564
32
0
0
0
22.40
2026-05-27T07:14:51.2241788+02:00
6
16,81
47389,6
2387
24564
32
3
0
0
21.98
2026-05-27T07:14:53.4437918+02:00
3
16,8
47392
2384
24564
32
0
0
0
22.25
2026-05-27T07:14:55.6356337+02:00
4
16,81
47389,7
2383
24564
32
2
0
0
22.10
2026-05-27T07:14:57.8288855+02:00
0
16,81
47386,7
2383
24564
32
1
0
0
22.46
2026-05-27T07:15:00.0171843+02:00
9
16,81
47386
2384
24564
32
0
0
0
22.69
2026-05-27T07:15:02.2143269+02:00
15
16,81
47386,3
2386
24564
32
0
0
0
22.26
2026-05-27T07:15:04.4046667+02:00
8
16,8
47391,4
2390
24564
32
0
0
0
21.72
2026-05-27T07:15:06.6085719+02:00
5
16,8
47391,2
2386
24564
32
0
0
0
22.41
2026-05-27T07:15:08.7713350+02:00
5
16,8
47395,1
2385
24564
32
0
0
0
22.01
2026-05-27T07:15:10.9471622+02:00
10
16,81
47383,2
2387
24564
32
3
0
0
22.53
2026-05-27T07:15:13.1232585+02:00
5
16,81
47389,7
2384
24564
32
0
0
0
22.26
2026-05-27T07:15:15.3170477+02:00
8
16,81
47384,5
2385
24564
32
3
0
0
21.82
2026-05-27T07:15:17.4979326+02:00
9
16,81
47383,6
2385
24564
32
0
0
0
21.95
2026-05-27T07:15:19.6874042+02:00
13
16,81
47384
2385
24564
32
1
0
0
22.44
2026-05-27T07:15:21.8723970+02:00
7
16,82
47379,3
2385
24564
32
0
0
0
22.17
2026-05-27T07:15:24.0309115+02:00
4
16,81
47385
2383
24564
32
0
0
0
22.23
2026-05-27T07:15:26.2076911+02:00
1
16,81
47387,5
2384
24564
32
1
0
0
22.05
2026-05-27T07:15:28.3898189+02:00
5
16,81
47386,7
2384
24564
32
0
0
0
22.33
2026-05-27T07:15:30.5734596+02:00
0
16,81
47391,1
2383
24564
32
0
0
0
21.72
2026-05-27T07:15:32.7639537+02:00
5
16,82
47378,4
2383
24564
32
1
0
0
21.99
2026-05-27T07:15:34.9351248+02:00
6
16,81
47390,2
2384
24564
32
2
0
0
21.84
2026-05-27T07:15:37.1157040+02:00
3
16,81
47382,8
2384
24564
32
0
0
0
22.12
2026-05-27T07:15:39.2926638+02:00
15
16,81
47385,8
2383
24564
32
3
0
0
22.42
2026-05-27T07:15:41.4693355+02:00
4
16,81
47389,4
2383
24564
32
1
0
0
22.75
2026-05-27T07:15:43.6423382+02:00
1
16,81
47388,5
2386
24564
32
1
0
0
22.41
2026-05-27T07:15:45.8289639+02:00
5
16,83
47368,6
2385
24564
32
0
0
0
22.78
2026-05-27T07:15:48.0142340+02:00
18
16,82
47373,8
2382
24564
32
0
0
0
23.27
2026-05-27T07:15:50.1981537+02:00
4
16,82
47376,2
2384
24564
32
0
0
0
22.19
2026-05-27T07:15:52.3714835+02:00
7
16,82
47377,2
2386
24564
32
0
0
0
22.08
2026-05-27T07:15:54.5587504+02:00
2
16,82
47378,6
2384
24564
32
0
0
0
22.65
2026-05-27T07:15:56.7465914+02:00
5
16,82
47371,2
2383
24564
32
0
0
0
22.51
2026-05-27T07:15:58.9193330+02:00
10
16,82
47371,4
2386
24564
32
0
0
0
22.66
2026-05-27T07:16:01.0935669+02:00
5
16,82
47378,1
2386
24564
33
0
0
0
66.37
2026-05-27T07:16:03.2768120+02:00
6
16,8
47392
2383
24564
32
1
0
0
53.55
2026-05-27T07:16:05.4508747+02:00
4
16,8
47394,3
2383
24564
32
0
0
0
21.72
2026-05-27T07:16:07.6220691+02:00
12
16,8
47394,3
2383
24564
32
1
0
0
22.08
2026-05-27T07:16:09.8127155+02:00
21
16,81
47383,5
2383
24564
32
0
0
0
21.78
2026-05-27T07:16:11.9837587+02:00
2
16,81
47381,8
2382
24564
32
0
0
0
21.95
2026-05-27T07:16:14.1631978+02:00
10
16,82
47380,1
2381
24564
32
0
0
0
22.01
2026-05-27T07:16:16.3227757+02:00
7
16,81
47381,6
2382
24564
32
1
0
0
21.86
2026-05-27T07:16:18.4805488+02:00
9
16,81
47381,9
2384
24564
32
0
0
0
21.74
2026-05-27T07:16:20.6676891+02:00
12
16,81
47382
2383
24564
32
0
0
0
21.73
2026-05-27T07:16:22.8242721+02:00
13
16,82
47374
2383
24564
32
0
0
0
22.59
2026-05-27T07:16:25.0116442+02:00
7
16,83
47369
2383
24564
32
1
0
0
21.84
2026-05-27T07:16:27.1839714+02:00
12
16,82
47372,3
2386
24564
32
3
0
0
22.00
2026-05-27T07:16:29.3766452+02:00
7
16,82
47378,3
2387
24564
32
0
0
0
22.28
2026-05-27T07:16:31.5701877+02:00
4
16,82
47380,4
2382
24564
32
1
0
0
21.79
2026-05-27T07:16:33.7572057+02:00
0
16,82
47378,1
2382
24564
32
0
0
0
22.15
2026-05-27T07:16:35.9742974+02:00
4
16,82
47376,3
2382
24564
32
0
0
0
22.16
2026-05-27T07:16:38.1612950+02:00
2
16,82
47378,2
2384
24564
32
1
0
0
22.54
2026-05-27T07:16:40.3630225+02:00
14
16,77
47428,7
2384
24564
32
0
0
0
22.66
2026-05-27T07:16:42.5115591+02:00
20
16,79
47405,2
2379
24564
32
0
0
0
22.00
2026-05-27T07:16:44.6703363+02:00
12
16,81
47381,4
2384
24564
32
0
0
0
21.81
2026-05-27T07:16:46.8606740+02:00
14
16,63
47566,1
2384
24564
32
1
0
0
21.78
2026-05-27T07:16:49.0135923+02:00
23
16,62
47576,7
2384
24564
32
0
0
0
21.87
2026-05-27T07:16:51.1692241+02:00
28
16,78
47413,6
2384
24564
32
3
0
0
21.97
2026-05-27T07:16:53.3244092+02:00
25
16,8
47398
2385
24564
32
0
0
0
22.03
2026-05-27T07:16:55.4843227+02:00
23
16,81
47388,2
2385
24564
32
2
0
0
21.90
2026-05-27T07:16:57.6750604+02:00
3
16,82
47378,7
2382
24564
32
0
0
0
22.16
2026-05-27T07:16:59.8630469+02:00
9
16,81
47383
2385
24564
32
4
0
0
22.97
2026-05-27T07:17:02.0711807+02:00
25
16,79
47409,3
2385
24564
32
0
0
0
22.04
2026-05-27T07:17:04.2343599+02:00
26
16,8
47398,8
2385
24564
32
0
0
0
22.57
2026-05-27T07:17:06.3894736+02:00
12
16,78
47413,1
2390
24564
32
0
0
0
22.79
2026-05-27T07:17:08.5425116+02:00
14
16,63
47574,2
2388
24564
32
1
0
0
22.30
2026-05-27T07:17:10.6977442+02:00
19
16,79
47403,6
2389
24564
32
0
0
0
22.12
2026-05-27T07:17:12.8570532+02:00
5
16,78
47412,5
2386
24564
32
0
0
0
22.38
2026-05-27T07:17:15.0240490+02:00
6
16,79
47408,1
2385
24564
32
4
0
0
22.50
2026-05-27T07:17:17.2277519+02:00
4
16,79
47408,1
2380
24564
32
0
0
0
22.31
2026-05-27T07:17:19.4165412+02:00
18
16,79
47401,5
2380
24564
32
3
0
0
22.61
2026-05-27T07:17:21.6017337+02:00
20
16,6
47604,1
2387
24564
32
0
0
0
22.24
2026-05-27T07:17:23.7533351+02:00
19
16,6
47602,4
2386
24564
32
2
0
0
22.82
2026-05-27T07:17:25.9209875+02:00
14
16,78
47417,4
2385
24564
32
0
0
0
22.19
2026-05-27T07:17:28.0796825+02:00
25
16,78
47419,2
2386
24564
32
0
0
0
22.31
2026-05-27T07:17:30.2371842+02:00
15
16,79
47409
2386
24564
32
1
0
0
22.56
2026-05-27T07:17:32.3885218+02:00
6
16,8
47399,1
2387
24564
32
0
0
0
22.16
2026-05-27T07:17:34.5801162+02:00
12
16,79
47405
2383
24564
32
0
0
0
22.12
2026-05-27T07:17:36.7638645+02:00
16
16,61
47586
2383
24564
32
1
0
0
22.45
2026-05-27T07:17:38.9029291+02:00
16
16,63
47566,7
2385
24564
32
0
0
0
22.57
2026-05-27T07:17:41.0429372+02:00
31
16,78
47419,1
2385
24564
32
0
0
0
22.70
2026-05-27T07:17:43.2015568+02:00
13
16,78
47415,7
2386
24564
32
3
0
0
22.63
2026-05-27T07:17:45.3583004+02:00
14
16,8
47393,3
2386
24564
32
0
0
0
22.77
2026-05-27T07:17:47.5152887+02:00
6
16,82
47379
2385
24564
32
2
0
0
22.76
2026-05-27T07:17:49.7252104+02:00
2
16,82
47374,8
2382
24564
32
0
0
0
22.15
2026-05-27T07:17:51.9102042+02:00
14
16,61
47591,1
2387
24564
32
3
0
0
22.66
2026-05-27T07:17:54.0642976+02:00
20
16,79
47406,1
2387
24564
32
0
0
0
22.37
2026-05-27T07:17:56.2234807+02:00
25
16,79
47409,5
2385
24564
32
0
0
0
22.14
2026-05-27T07:17:58.3778345+02:00
29
16,61
47592,1
2385
24564
32
1
0
0
22.10
2026-05-27T07:18:00.5240404+02:00
26
16,65
47552,6
2384
24564
32
0
0
0
22.12
2026-05-27T07:18:02.6661892+02:00
27
16,81
47381,6
2385
24564
32
0
0
0
22.08
2026-05-27T07:18:04.8158668+02:00
5
16,83
47368,2
2383
24564
32
0
0
0
22.07
2026-05-27T07:18:07.0060315+02:00
5
16,82
47375
2384
24564
32
4
0
0
22.68
2026-05-27T07:18:09.1697893+02:00
20
16,79
47406,1
2385
24564
32
0
0
0
22.65
2026-05-27T07:18:11.3271479+02:00
19
16,8
47396,3
2386
24564
32
4
0
0
22.76
2026-05-27T07:18:13.4691585+02:00
20
16,8
47395,4
2384
24564
32
0
0
0
21.90
2026-05-27T07:18:15.6269543+02:00
20
16,8
47400
2385
24564
32
2
0
0
22.15
2026-05-27T07:18:17.7997161+02:00
14
16,82
47373,3
2384
24564
32
0
0
0
22.00
2026-05-27T07:18:19.9548330+02:00
26
16,8
47392
2385
24564
32
2
0
0
22.35
2026-05-27T07:18:22.1067295+02:00
36
16,82
47372,4
2384
24564
32
0
0
0
22.24
2026-05-27T07:18:24.2607064+02:00
9
16,84
47357,2
2384
24564
32
1
0
0
22.21
2026-05-27T07:18:26.4316269+02:00
1
16,84
47356,5
2385
24564
32
0
0
0
22.30
2026-05-27T07:18:28.5984029+02:00
23
16,8
47391,3
2383
24564
32
0
0
0
22.22
2026-05-27T07:18:30.7440445+02:00
27
16,82
47375,4
2386
24564
32
0
0
0
22.61
2026-05-27T07:18:32.9032277+02:00
26
16,79
47405,1
2730
24564
32
0
0
0
21.96
2026-05-27T07:18:35.0564729+02:00
4
18,21
45952,3
5291
24564
34
23
55
97
94.37
2026-05-27T07:18:37.2065583+02:00
12
18,26
45900,3
5296
24564
35
27
58
71
93.78
2026-05-27T07:18:39.3703138+02:00
3
18,26
45898,9
5294
24564
35
49
71
99
95.66
2026-05-27T07:18:41.5774209+02:00
5
18,26
45899
5289
24564
35
32
77
100
92.45
2026-05-27T07:18:43.8100853+02:00
4
17,85
46325,3
5300
24564
35
15
41
100
89.22
2026-05-27T07:18:45.9596371+02:00
2
18,27
45890,6
5299
24564
35
25
74
99
92.61
2026-05-27T07:18:48.1526413+02:00
2
18,3
45859,2
5227
24564
35
22
61
91
92.28
2026-05-27T07:18:50.3696974+02:00
3
17,91
46263,8
5300
24564
36
31
70
100
91.95
2026-05-27T07:18:52.5245305+02:00
11
18,33
45831,4
5299
24564
36
37
95
99
94.54
2026-05-27T07:18:54.6890139+02:00
4
18,35
45808,1
5301
24564
36
26
65
100
93.29
2026-05-27T07:18:56.8853795+02:00
5
18,4
45760,7
5293
24564
36
28
88
99
93.18
2026-05-27T07:18:59.0953893+02:00
9
18,42
45741,8
5286
24564
36
40
95
100
94.44
2026-05-27T07:19:01.2615526+02:00
7
18,43
45726,5
5292
24564
36
24
65
100
92.96
2026-05-27T07:19:03.4731213+02:00
7
18,45
45710
5291
24564
36
26
69
100
93.46
2026-05-27T07:19:05.6249526+02:00
5
18,45
45702,4
5292
24564
36
25
64
100
92.84
2026-05-27T07:19:07.8251604+02:00
3
18,45
45707,8
5088
24564
36
32
50
65
92.75
2026-05-27T07:19:09.9792164+02:00
3
18,03
46139,4
5292
24564
36
22
61
64
92.36
2026-05-27T07:19:12.1251161+02:00
2
18,45
45709,1
5292
24564
37
20
61
62
93.20
2026-05-27T07:19:14.2877761+02:00
1
18,46
45700,8
5291
24564
37
33
84
100
95.87
2026-05-27T07:19:16.4855195+02:00
7
18,46
45694,6
5292
24564
37
36
80
100
95.99
2026-05-27T07:19:18.6874184+02:00
4
18,48
45676,1
5291
24564
37
21
56
66
92.18
2026-05-27T07:19:20.8451419+02:00
5
18,48
45674,5
5290
24564
37
33
82
86
92.31
2026-05-27T07:19:23.0061005+02:00
3
18,51
45647,7
5291
24564
37
34
85
100
97.21
2026-05-27T07:19:25.2033606+02:00
6
18,51
45644,2
5292
24564
37
28
63
84
93.10
2026-05-27T07:19:27.3676703+02:00
7
18,51
45642
5292
24564
37
32
61
100
95.84
2026-05-27T07:19:29.5616247+02:00
5
18,53
45627,5
5291
24564
37
25
68
80
93.88
2026-05-27T07:19:31.7172182+02:00
4
18,52
45630,3
3851
24564
37
17
51
41
92.52
2026-05-27T07:19:33.9330442+02:00
1
18,52
45638
5213
24564
37
21
92
50
93.38
2026-05-27T07:19:36.1283845+02:00
8
18,11
46052,3
5302
24564
38
31
69
100
91.93
2026-05-27T07:19:38.2985667+02:00
2
18,53
45628,7
5308
24564
38
35
84
100
95.97
2026-05-27T07:19:40.4617422+02:00
0
18,55
45603,7
3863
24564
38
31
51
37
90.89
2026-05-27T07:19:42.6710874+02:00
9
18,53
45622,9
5307
24564
38
29
64
99
93.59
2026-05-27T07:19:44.9016334+02:00
5
18,55
45603,7
5310
24564
38
29
69
87
95.11
2026-05-27T07:19:47.1247881+02:00
8
18,57
45587,6
5302
24564
38
35
71
100
94.83
2026-05-27T07:19:49.2834097+02:00
6
18,56
45594,8
5292
24564
38
28
58
84
94.85
2026-05-27T07:19:51.4895382+02:00
5
18,58
45578,1
5293
24564
38
29
79
91
93.22
2026-05-27T07:19:53.7034588+02:00
7
18,58
45573,7
5292
24564
38
24
66
75
92.81
2026-05-27T07:19:55.8825014+02:00
3
17,9
46269,8
5292
24564
38
40
53
100
91.63
2026-05-27T07:19:58.0366017+02:00
4
18,55
45599,4
5290
24564
38
26
66
76
94.33
2026-05-27T07:20:00.2800055+02:00
7
18,61
45545,9
5296
24564
38
27
57
78
94.01
2026-05-27T07:20:02.5279190+02:00
3
18,69
45462
3922
24564
38
14
0
9
87.70
2026-05-27T07:20:04.6952262+02:00
1
18,25
45915,4
5292
24564
38
29
79
99
90.72
2026-05-27T07:20:06.8340218+02:00
5
18,63
45518
5290
24564
38
27
64
100
92.73
2026-05-27T07:20:09.0580461+02:00
0
18,67
45485,8
5290
24564
38
32
65
100
92.44
2026-05-27T07:20:11.2232599+02:00
4
18,66
45488,3
5086
24564
38
37
51
98
91.62
2026-05-27T07:20:13.4340180+02:00
4
18,67
45482,5
5307
24564
38
26
71
100
90.82
2026-05-27T07:20:15.5847660+02:00
0
18,76
45387,9
3858
24564
39
22
73
100
93.53
2026-05-27T07:20:17.8306316+02:00
1
18,74
45409,7
5305
24564
38
24
69
99
89.57
2026-05-27T07:20:19.9961169+02:00
1
18,77
45379,5
5292
24564
39
24
73
100
90.99
2026-05-27T07:20:22.1943472+02:00
4
18,78
45365,7
5291
24564
39
25
69
100
90.52
2026-05-27T07:20:24.3482147+02:00
1
18,79
45355,4
5291
24564
39
26
65
100
90.39
2026-05-27T07:20:26.4989347+02:00
2
18,79
45360,2
5291
24564
39
24
65
100
90.59
2026-05-27T07:20:28.6959326+02:00
6
17,97
46200,8
3838
24564
39
19
51
69
87.54
2026-05-27T07:20:30.8603782+02:00
8
17,95
46218,1
3848
24564
39
23
51
91
88.30
2026-05-27T07:20:33.0598641+02:00
3
17,91
46261,8
2396
24564
38
0
0
0
80.65
2026-05-27T07:20:35.2593192+02:00
0
18,5
45651,6
2394
24564
37
1
0
0
44.65
2026-05-27T07:20:37.4137338+02:00
2
18,68
45469,3
2385
24564
36
0
0
0
30.86
2026-05-27T07:20:39.5627849+02:00
2
19,06
45080,8
2387
24564
36
1
0
0
22.06
2026-05-27T07:20:41.7135885+02:00
1
18,02
46143,7
2385
24564
36
0
0
0
21.78
2026-05-27T07:20:43.8476183+02:00
2
18,79
45354,4
3931
24564
38
30
38
59
92.20
2026-05-27T07:20:46.0106898+02:00
6
18,75
45403,4
3935
24564
39
35
48
97
96.27
2026-05-27T07:20:48.2134912+02:00
6
18,69
45463,6
3937
24564
39
26
51
67
92.70
2026-05-27T07:20:50.3983933+02:00
8
18,62
45533,6
3930
24564
39
25
51
68
92.76
2026-05-27T07:20:52.5745152+02:00
3
18,6
45555
2386
24564
38
1
2
3
89.58
2026-05-27T07:20:54.7916831+02:00
33
17,88
46285,5
2785
24564
38
11
31
0
78.85
2026-05-27T07:20:56.9611939+02:00
36
17,89
46278,8
2781
24564
38
9
25
0
81.94
2026-05-27T07:20:59.1718590+02:00
2
17,4
46776,8
2391
24564
38
0
0
0
66.19
2026-05-27T07:21:01.3180326+02:00
3
18,31
45849,1
3946
24564
39
28
51
72
88.18
2026-05-27T07:21:03.4678724+02:00
6
18,34
45820,1
3945
24564
39
29
51
67
93.12
2026-05-27T07:21:05.6172114+02:00
3
18,3
45859,4
3934
24564
39
24
51
60
93.00
2026-05-27T07:21:07.8079142+02:00
0
18,31
45851,4
3929
24564
39
28
51
64
93.31
2026-05-27T07:21:09.9907083+02:00
1
18,27
45890,7
3930
24564
39
26
51
65
92.22
2026-05-27T07:21:12.1556307+02:00
2
18,24
45922,4
3930
24564
39
33
41
61
94.10
2026-05-27T07:21:14.3559163+02:00
3
18,31
45846,2
2385
24564
39
0
0
0
87.52
2026-05-27T07:21:16.5300558+02:00
2
17,27
46912,2
3642
24564
38
16
0
38
49.18
2026-05-27T07:21:18.6680643+02:00
0
18,21
45951,8
3935
24564
39
26
51
67
93.54
2026-05-27T07:21:20.8250280+02:00
6
18,2
45966,9
3936
24564
39
34
43
59
93.67
2026-05-27T07:21:22.9934526+02:00
4
18,19
45971,9
2402
24564
39
0
0
0
86.86
2026-05-27T07:21:25.1776414+02:00
15
17,62
46560,9
2791
24564
38
7
21
0
74.52
2026-05-27T07:21:27.3348899+02:00
20
17,6
46575
2398
24564
38
6
16
0
68.56
2026-05-27T07:21:29.5149323+02:00
3
17,09
47096,8
2389
24564
38
0
0
0
65.73
2026-05-27T07:21:31.6515401+02:00
4
18
46172,1
3939
24564
39
32
51
84
93.52
2026-05-27T07:21:33.8182778+02:00
2
18,07
46093
3940
24564
39
23
51
71
92.61
2026-05-27T07:21:35.9924869+02:00
5
18,06
46110,5
3932
24564
39
25
51
71
91.82
2026-05-27T07:21:38.1658559+02:00
7
18,05
46115
3926
24564
39
27
51
79
92.67
2026-05-27T07:21:40.3465847+02:00
10
18,07
46098,3
3926
24564
39
28
51
80
92.74
2026-05-27T07:21:42.4959534+02:00
6
18,06
46107,5
3927
24564
39
35
51
91
93.60
2026-05-27T07:21:44.6794133+02:00
32
17,4
46786,9
2777
24564
39
11
34
0
81.72
2026-05-27T07:21:46.8478183+02:00
29
17,4
46779,5
2776
24564
39
9
27
0
81.57
2026-05-27T07:21:49.0190589+02:00
14
17,41
46767,2
2381
24564
38
0
0
0
67.71
2026-05-27T07:21:51.2129168+02:00
0
16,84
47358,5
3930
24564
38
8
0
60
47.44
2026-05-27T07:21:53.3461954+02:00
2
17,79
46382,9
3941
24564
39
24
51
58
91.38
2026-05-27T07:21:55.5014744+02:00
4
17,83
46342,7
3943
24564
39
26
51
67
93.09
2026-05-27T07:21:57.6912027+02:00
3
17,85
46319,4
3931
24564
39
25
51
60
91.73
2026-05-27T07:21:59.8432822+02:00
9
17,88
46294,9
3925
24564
40
28
51
70
94.07
2026-05-27T07:22:02.0412368+02:00
4
17,88
46294,3
3924
24564
40
29
51
68
92.43
2026-05-27T07:22:04.1966875+02:00
3
17,88
46294,1
3926
24564
40
26
51
65
93.58
2026-05-27T07:22:06.3678830+02:00
2
17,9
46269,6
2383
24564
39
1
13
3
90.64
2026-05-27T07:22:08.5588704+02:00
0
17,1
47089,5
2389
24564
37
1
0
0
45.72
2026-05-27T07:22:10.7067428+02:00
0
17,47
46706,4
2387
24564
37
0
0
0
31.62
2026-05-27T07:22:12.8722968+02:00
3
17,26
46929,7
2381
24564
37
0
0
0
21.66
2026-05-27T07:22:15.0618236+02:00
0
17,21
46975,3
2381
24564
37
4
0
0
20.99
2026-05-27T07:22:17.2274229+02:00
5
17,43
46749,5
2383
24564
37
0
0
0
20.89
2026-05-27T07:22:19.3904822+02:00
0
18,55
45602,5
2381
24564
36
3
0
0
21.26
2026-05-27T07:22:21.5504681+02:00
3
18,68
45473
2380
24564
36
0
0
0
21.19
2026-05-27T07:22:23.6973549+02:00
0
18,27
45889,1
2379
24564
36
1
0
0
21.44
2026-05-27T07:22:25.8478843+02:00
0
18,45
45709,9
2379
24564
36
1
0
0
21.23
2026-05-27T07:22:27.9987833+02:00
4
17,99
46179,8
2381
24564
36
0
0
0
21.26
2026-05-27T07:22:30.1590241+02:00
0
18,25
45908,2
2380
24564
36
0
0
0
20.96
2026-05-27T07:22:32.3142895+02:00
5
15,86
48359,2
1595
24564
36
3
0
0
21.36
2026-05-27T07:22:34.4790098+02:00
3
15,76
48464
1579
24564
36
0
0
0
21.21
2026-05-27T07:22:36.6149125+02:00
0
15,71
48511,8
1569
24564
36
3
0
0
21.69
2026-05-27T07:22:38.7478970+02:00
1
15,63
48592,9
1570
24564
36
1
0
0
21.58
2026-05-27T07:22:40.8873477+02:00
1
15,56
48669,6
1591
24564
36
3
0
0
21.27
2026-05-27T07:22:43.0234373+02:00
4
15,53
48699,1
1602
24564
35
8
0
0
21.30
2026-05-27T07:22:45.1616457+02:00
1
15,46
48770,1
1600
24564
35
0
0
0
21.08
2026-05-27T07:22:47.2974939+02:00
5
15,43
48799
1589
24564
35
0
0
0
21.04
2026-05-27T07:22:49.4384482+02:00
2
15,37
48862,1
1567
24564
35
1
0
0
21.17
2026-05-27T07:22:51.5803982+02:00
1
15,34
48894,6
1561
24564
35
0
0
0
20.89
2026-05-27T07:22:53.7088247+02:00
1
15,29
48945,9
1571
24564
35
0
0
0
21.61
